appId,appname,subname,subtitle,genre,price,device,publisher,content_level,country,size,language,downloads,country_num,app_size,lan_num,developer_experience,rating_num,rating,purchase
1191260829,Logo Maker - 图标商标制作&字体标志设计,Logo Maker,商标logo设计软件、快速商标制作和图标设计工具,图形和设计,0,0,INFOSTRING TECHNOLABS PRIVATE LIMITED,4,"中国, 中国香港, 中国台湾, 美国, 日本, 韩国, 澳大利亚, 加拿大, 阿根廷, 安圭拉, 安提瓜和巴布达, 巴巴多斯, 巴哈马, 巴拉圭, 巴拿马, 巴西, 百慕大, 玻利维亚, 伯利兹, 多米尼加共和国, 多米尼克, 厄瓜多尔, 哥伦比亚, 哥斯达黎加, 格林纳达, 圭亚那, 洪都拉斯, 开曼群岛, 蒙特塞拉特岛, 秘鲁, 墨西哥, 尼加拉瓜, 萨尔瓦多, 圣基茨岛和尼维斯, 圣卢西亚, 圣文森特和格林纳丁斯, 苏里南, 特克斯和凯科斯群岛, 特立尼达和多巴哥, 危地马拉, 委内瑞拉, 乌拉圭",83.73M,"丹麦文,乌克兰文,亚美尼亚文,俄文,加泰罗尼亚文,匈牙利文,博克马尔文挪威文,印度尼西亚文,土耳其文,希伯来文,希腊文,德文,意大利文,捷克文,斯洛伐克文,日文,法文,波兰文,波斯文,泰文,瑞典文,简体中文,繁体中文,罗马尼亚文,芬兰文,英文,荷兰文,葡萄牙文,西班牙文,越南文,阿拉伯文,韩文,马来文",187,42,83.73,33,1,18,4.777777778,"[['￥48.00', 'Unlock Everything'], ['￥163.00', 'Unlimited Purchase']]"
1196221514,NDI Monitor,NDI Monitor,,摄影与录像,68,0,Mark Gilbert,4,"中国, 中国香港, 中国台湾, 美国, 日本, 韩国, 澳大利亚, 加拿大, 阿根廷, 安圭拉, 安提瓜和巴布达, 巴巴多斯, 巴哈马, 巴拉圭, 巴拿马, 巴西, 百慕大, 玻利维亚, 伯利兹, 多米尼加共和国, 多米尼克, 厄瓜多尔, 哥伦比亚, 哥斯达黎加, 格林纳达, 圭亚那, 洪都拉斯, 开曼群岛, 蒙特塞拉特岛, 秘鲁, 墨西哥, 尼加拉瓜, 萨尔瓦多, 圣基茨岛和尼维斯, 圣卢西亚, 圣文森特和格林纳丁斯, 苏里南, 特克斯和凯科斯群岛, 特立尼达和多巴哥, 危地马拉, 委内瑞拉, 乌拉圭",7.38M,英文,724,42,7.38,1,1,1,1,
1207156644,Beat Station 节奏工作站 - 鼓机 节拍器,Beat Station 节奏工作站,随时随地为你伴奏,音乐,0,0,Sonar Multimedia,4,"中国, 中国香港, 中国台湾, 美国, 日本, 韩国, 澳大利亚, 加拿大, 阿根廷, 安圭拉, 安提瓜和巴布达, 巴巴多斯, 巴哈马, 巴拉圭, 巴拿马, 巴西, 百慕大, 玻利维亚, 伯利兹, 多米尼加共和国, 多米尼克, 厄瓜多尔, 哥伦比亚, 哥斯达黎加, 格林纳达, 圭亚那, 洪都拉斯, 开曼群岛, 蒙特塞拉特岛, 秘鲁, 墨西哥, 尼加拉瓜, 萨尔瓦多, 圣基茨岛和尼维斯, 圣卢西亚, 圣文森特和格林纳丁斯, 苏里南, 特克斯和凯科斯群岛, 特立尼达和多巴哥, 危地马拉, 委内瑞拉, 乌拉圭",184.01M,"德文,意大利文,日文,法文,简体中文,繁体中文,英文,韩文",23006,42,184.01,8,2,372,4.811827957,"[['￥22.00', '专业版（1个月）'], ['￥168.00', '专业版（1年）'], ['￥328.00', 'Beat Station Pro (Lifetime)']]"
1207839273,Cubasis 3,Cubasis 3,,音乐,163,0,Steinberg Media Technologies GmbH,4,"中国, 中国香港, 中国台湾, 美国, 日本, 韩国, 澳大利亚, 加拿大, 阿根廷, 安圭拉, 安提瓜和巴布达, 巴巴多斯, 巴哈马, 巴拉圭, 巴拿马, 巴西, 百慕大, 玻利维亚, 伯利兹, 多米尼加共和国, 多米尼克, 厄瓜多尔, 哥伦比亚, 哥斯达黎加, 格林纳达, 圭亚那, 洪都拉斯, 开曼群岛, 蒙特塞拉特岛, 秘鲁, 墨西哥, 尼加拉瓜, 萨尔瓦多, 圣基茨岛和尼维斯, 圣卢西亚, 圣文森特和格林纳丁斯, 苏里南, 特克斯和凯科斯群岛, 特立尼达和多巴哥, 危地马拉, 委内瑞拉, 乌拉圭",1179.3M,英文,2057,42,1179.3,1,3,56,3.875,"[['￥128.00', 'Waves Plug-in Bundle'], ['￥30.00', 'Micrologue ARP Arpeggiator'], ['￥45.00', 'Classic Machines'], ['￥45.00', 'FX Pack 1: Reverbs & Delays'], ['￥45.00', 'FX Pack 2: Vintage FX'], ['￥30.00', 'Waves Tune Real-Time'], ['￥50.00', 'Waves AudioTrac"
1219641180,Weather Report-15 DaysForecast,Weather Report,,天气,18,1,CAO CHUANG,4,"中国, 中国香港, 中国台湾, 美国, 日本, 韩国, 澳大利亚, 加拿大, 阿根廷, 安圭拉, 安提瓜和巴布达, 巴巴多斯, 巴哈马, 巴拉圭, 巴拿马, 巴西, 百慕大, 玻利维亚, 伯利兹, 多米尼加共和国, 多米尼克, 厄瓜多尔, 哥伦比亚, 哥斯达黎加, 格林纳达, 圭亚那, 洪都拉斯, 开曼群岛, 蒙特塞拉特岛, 秘鲁, 墨西哥, 尼加拉瓜, 萨尔瓦多, 圣基茨岛和尼维斯, 圣卢西亚, 圣文森特和格林纳丁斯, 苏里南, 特克斯和凯科斯群岛, 特立尼达和多巴哥, 危地马拉, 委内瑞拉, 乌拉圭",14.12M,英文,11983,42,14.12,1,4,465.8104224,4.897099628,
1223471316,Shop: package & order tracker,Shop,,购物,,1,Shopify Inc.,4,"中国, 中国香港, 中国台湾, 美国, 日本, 韩国, 澳大利亚, 加拿大, 阿根廷, 安圭拉, 安提瓜和巴布达, 巴巴多斯, 巴哈马, 巴拉圭, 巴拿马, 巴西, 百慕大, 玻利维亚, 伯利兹, 多米尼加共和国, 多米尼克, 厄瓜多尔, 哥伦比亚, 哥斯达黎加, 格林纳达, 圭亚那, 洪都拉斯, 开曼群岛, 蒙特塞拉特岛, 秘鲁, 墨西哥, 尼加拉瓜, 萨尔瓦多, 圣基茨岛和尼维斯, 圣卢西亚, 圣文森特和格林纳丁斯, 苏里南, 特克斯和凯科斯群岛, 特立尼达和多巴哥, 危地马拉, 委内瑞拉, 乌拉圭",58.46M,英文,13960,42,58.46,1,1,622,4.868167203,
1229667972,妖精的尾巴：魔导少年,妖精的尾巴,腾讯全新自研回合RPG手游,游戏,,0,Tencent Mobile Games,17,中国,1699.67M,英文,2555721,1,1699.67,1,109,25389,4.542518413,"[['￥6.00', '60钻石'], ['￥1.00', '1元魔导许愿瓶'], ['￥648.00', '6480钻石'], ['￥98.00', '980钻石'], ['￥3.00', '3元魔导许愿瓶'], ['￥50.00', '500钻石'], ['￥30.00', '300钻石'], ['￥18.00', '180钻石'], ['￥30.00', '30元助力礼包'], ['￥30.00', '月度投资']]"
1246680142,大鹏教育-千万人的兴趣学习社区,大鹏教育,成人国画书法学习教育平台,教育,,0,"Beijing ZhiJin Dapeng Education Technology Co., Ltd.",4,"中国, 中国香港, 中国台湾, 美国, 日本, 韩国, 澳大利亚, 加拿大, 阿根廷, 安圭拉, 安提瓜和巴布达, 巴巴多斯, 巴哈马, 巴拉圭, 巴拿马, 巴西, 百慕大, 玻利维亚, 伯利兹, 多米尼加共和国, 多米尼克, 厄瓜多尔, 哥伦比亚, 哥斯达黎加, 格林纳达, 圭亚那, 洪都拉斯, 开曼群岛, 蒙特塞拉特岛, 秘鲁, 墨西哥, 尼加拉瓜, 萨尔瓦多, 圣基茨岛和尼维斯, 圣卢西亚, 圣文森特和格林纳丁斯, 苏里南, 特克斯和凯科斯群岛, 特立尼达和多巴哥, 危地马拉, 委内瑞拉, 乌拉圭",245.9M,"简体中文,英文",437225,42,245.9,2,0,1726,4.453070684,
1246969117,Steam Link,Steam Link,,游戏,,0,Valve,17,"中国, 中国香港, 中国台湾, 美国, 日本, 韩国, 澳大利亚, 加拿大, 阿根廷, 安圭拉, 安提瓜和巴布达, 巴巴多斯, 巴哈马, 巴拉圭, 巴拿马, 巴西, 百慕大, 玻利维亚, 伯利兹, 多米尼加共和国, 多米尼克, 厄瓜多尔, 哥伦比亚, 哥斯达黎加, 格林纳达, 圭亚那, 洪都拉斯, 开曼群岛, 蒙特塞拉特岛, 秘鲁, 墨西哥, 尼加拉瓜, 萨尔瓦多, 圣基茨岛和尼维斯, 圣卢西亚, 圣文森特和格林纳丁斯, 苏里南, 特克斯和凯科斯群岛, 特立尼达和多巴哥, 危地马拉, 委内瑞拉, 乌拉圭",42.17M,"丹麦文,乌克兰文,俄文,保加利亚文,匈牙利文,博克马尔文挪威文,土耳其文,希腊文,德文,意大利文,捷克文,日文,法文,波兰文,泰文,瑞典文,简体中文,繁体中文,罗马尼亚文,芬兰文,英文,荷兰文,葡萄牙文,西班牙文,越南文,韩文",791224,42,42.17,26,2,2359,3.60703688,
1250630788,Shakespeare - Complete Search,Shakespeare,,图书,,0,JUN JIANG,4,"中国, 中国香港, 中国台湾, 美国, 日本, 韩国, 澳大利亚, 加拿大, 阿根廷, 安圭拉, 安提瓜和巴布达, 巴巴多斯, 巴哈马, 巴拉圭, 巴拿马, 巴西, 百慕大, 玻利维亚, 伯利兹, 多米尼加共和国, 多米尼克, 厄瓜多尔, 哥伦比亚, 哥斯达黎加, 格林纳达, 圭亚那, 洪都拉斯, 开曼群岛, 蒙特塞拉特岛, 秘鲁, 墨西哥, 尼加拉瓜, 萨尔瓦多, 圣基茨岛和尼维斯, 圣卢西亚, 圣文森特和格林纳丁斯, 苏里南, 特克斯和凯科斯群岛, 特立尼达和多巴哥, 危地马拉, 委内瑞拉, 乌拉圭",62.74M,英文,6768,42,62.74,1,23,13161.08054,4.772798178,
1250946975,海莉(Hily) - 喜欢，聊天，交友！,海莉,结识新朋友在海莉,社交,,0,Hily Corp.,17,"中国, 中国香港, 中国台湾, 美国, 日本, 澳大利亚, 加拿大, 阿根廷, 安提瓜和巴布达, 巴巴多斯, 巴哈马, 巴拿马, 巴西, 百慕大, 玻利维亚, 多米尼加共和国, 多米尼克, 厄瓜多尔, 哥伦比亚, 哥斯达黎加, 洪都拉斯, 开曼群岛, 秘鲁, 墨西哥, 尼加拉瓜, 萨尔瓦多, 特立尼达和多巴哥, 危地马拉, 委内瑞拉, 乌拉圭, 英属维尔京群岛, 智利, 爱尔兰, 奥地利, 保加利亚, 比利时, 冰岛, 波兰, 丹麦, 德国, 俄罗斯, 法国, 芬兰, 荷兰, 挪威, 葡萄牙, 瑞典,",225.55M,"德文,日文,法文,简体中文,繁体中文,英文,荷兰文,葡萄牙文,西班牙文",65062,48,225.55,9,0,2881,4.465116279,"[['￥108.00', 'Hily Premium. 3 days FREE'], ['￥108.00', '1-week Hily Premium'], ['￥35.00', '海莉高级账户订阅'], ['￥73.00', 'Hily Premium'], ['￥108.00', 'Hily Premium. 7 days FREE'], ['￥73.00', 'Hily Premium. Save 33%'], ['￥73.00', 'Hily Premium'], ['￥208.00', 'Hil"
1255345512,"录音机 - 备忘,录音",录音机,录音助手,工具,,0,Li Zhu,4,"中国, 中国香港, 中国台湾, 美国, 日本, 韩国, 澳大利亚, 加拿大, 阿根廷, 安圭拉, 安提瓜和巴布达, 巴巴多斯, 巴哈马, 巴拉圭, 巴拿马, 巴西, 百慕大, 玻利维亚, 伯利兹, 多米尼加共和国, 多米尼克, 厄瓜多尔, 哥伦比亚, 哥斯达黎加, 格林纳达, 圭亚那, 洪都拉斯, 开曼群岛, 蒙特塞拉特岛, 秘鲁, 墨西哥, 尼加拉瓜, 萨尔瓦多, 圣基茨岛和尼维斯, 圣卢西亚, 圣文森特和格林纳丁斯, 苏里南, 特克斯和凯科斯群岛, 特立尼达和多巴哥, 危地马拉, 委内瑞拉, 乌拉圭",7.36M,"丹麦文,乌克兰文,俄文,博克马尔文挪威文,印地文,印度尼西亚文,土耳其文,希伯来文,希腊文,德文,意大利文,日文,法文,波兰文,泰文,瑞典文,简体中文,繁体中文,芬兰文,英文,荷兰文,葡萄牙文,西班牙文,越南文,阿拉伯文,韩文,马来文",3266,42,7.36,27,0,157,4.611464968,"[['￥28.00', '按年订阅']]"
1257593875,魔词,魔词,,娱乐,,1,"Shantou Ourpencils Design Co., Ltd.",4,中国,982.21M,英文,2235,1,982.21,1,0,3,4.666666667,
1259085185,Soul Sketch,Soul Sketch,灵魂画手 & 施展绘画天赋,图形和设计,,1,liu peng,4,"中国, 中国香港, 中国台湾, 美国, 日本, 韩国, 澳大利亚, 加拿大, 阿根廷, 安圭拉, 安提瓜和巴布达, 巴巴多斯, 巴哈马, 巴拉圭, 巴拿马, 巴西, 百慕大, 玻利维亚, 伯利兹, 多米尼加共和国, 多米尼克, 厄瓜多尔, 哥伦比亚, 哥斯达黎加, 格林纳达, 圭亚那, 洪都拉斯, 开曼群岛, 蒙特塞拉特岛, 秘鲁, 墨西哥, 尼加拉瓜, 萨尔瓦多, 圣基茨岛和尼维斯, 圣卢西亚, 圣文森特和格林纳丁斯, 苏里南, 特克斯和凯科斯群岛, 特立尼达和多巴哥, 危地马拉, 委内瑞拉, 乌拉圭",33.05M,"简体中文,英文",0,42,33.05,2,0,14,4.714285714,
1260895318,儿童画画游戏！3岁-6岁幼儿学习涂色绘画图画,儿童画画游戏,小孩的绘图软件！宝宝涂鸦画板学颜色的幼儿园,教育,,0,Bini Bambini Academy,4,"中国, 中国香港, 中国台湾, 美国, 日本, 韩国, 澳大利亚, 加拿大, 阿根廷, 安圭拉, 安提瓜和巴布达, 巴巴多斯, 巴哈马, 巴拉圭, 巴拿马, 巴西, 百慕大, 玻利维亚, 伯利兹, 多米尼加共和国, 多米尼克, 厄瓜多尔, 哥伦比亚, 哥斯达黎加, 格林纳达, 圭亚那, 洪都拉斯, 开曼群岛, 蒙特塞拉特岛, 秘鲁, 墨西哥, 尼加拉瓜, 萨尔瓦多, 圣基茨岛和尼维斯, 圣卢西亚, 圣文森特和格林纳丁斯, 苏里南, 特克斯和凯科斯群岛, 特立尼达和多巴哥, 危地马拉, 委内瑞拉, 乌拉圭",352.39M,"丹麦文,乌克兰文,俄文,克罗地亚文,匈牙利文,博克马尔文挪威文,印地文,印度尼西亚文,土耳其文,希伯来文,希腊文,德文,意大利文,捷克文,斯洛伐克文,日文,法文,波兰文,泰文,瑞典文,简体中文,繁体中文,罗马尼亚文,芬兰文,英文,荷兰文,葡萄牙文,西班牙文,越南文,阿拉伯文,韩文,马来文",80633,42,352.39,32,7,6483,4.458892488,"[['￥28.00', '智能少孩子画画游戏! 学习通智力涂鸦! 儿童涂色板!'], ['￥148.00', '小朋友手工画图画面游戏! 宝宝的幼儿园为孩子4岁'], ['￥28.00', '每月'], ['￥68.00', '购买所有'], ['￥68.00', '购买所有'], ['￥148.00', '手册儿童画画和颜色简笔画大全! 手绘图动物园故事小孩!'], ['￥198.00', '购买所有'], ['￥12.00', '童话人物'], ['￥12.00', '可爱形象'], ['￥98.00"
1262982086,一起来捉妖,一起来捉妖,,游戏,,0,Tencent Mobile Games,12,中国,2292.63M,简体中文,12919969,1,2292.63,1,109,252543,4.6747247,"[['￥30.00', '300点券'], ['￥6.00', '60点券'], ['￥1.00', '10点券'], ['￥68.00', '680点券'], ['￥18.00', '180点券'], ['￥98.00', '980点券'], ['￥328.00', '3280点券'], ['￥128.00', '1280点券'], ['￥198.00', '1980点券'], ['￥25.00', '25元联盟特供']]"
1271361459,Flow由Moleskine Studio呈现,Flow由Moleskine Studio呈现,素描。思考。创作。,效率,,0,Moleskine Srl,4,"中国, 中国香港, 中国台湾, 美国, 日本, 韩国, 澳大利亚, 加拿大, 阿根廷, 安圭拉, 安提瓜和巴布达, 巴巴多斯, 巴哈马, 巴拉圭, 巴拿马, 巴西, 百慕大, 玻利维亚, 伯利兹, 多米尼加共和国, 多米尼克, 厄瓜多尔, 哥伦比亚, 哥斯达黎加, 格林纳达, 圭亚那, 洪都拉斯, 开曼群岛, 蒙特塞拉特岛, 秘鲁, 墨西哥, 尼加拉瓜, 萨尔瓦多, 圣基茨岛和尼维斯, 圣卢西亚, 圣文森特和格林纳丁斯, 苏里南, 特克斯和凯科斯群岛, 特立尼达和多巴哥, 危地马拉, 委内瑞拉, 乌拉圭",103.19M,"俄文,土耳其文,德文,意大利文,日文,法文,简体中文,繁体中文,英文,葡萄牙文,西班牙文,韩文",226031,42,103.19,12,3,1870,4.173796791,"[['￥15.00', '月会员'], ['￥148.00', 'Moleskine Studio套餐'], ['￥88.00', '年会员'], ['￥218.00', 'Moleskine Studio家庭套餐']]"
1271997408,剑网3：指尖江湖,剑网3,二次元武侠多角色手游,游戏,,0,Tencent Mobile Games,9,中国,3689.23M,简体中文,5327444,1,3689.23,1,109,139077,4.064043659,"[['￥6.00', '六元金币礼包'], ['￥6.00', '金币礼包-23888'], ['￥3.00', '三元金币礼包'], ['￥3.00', '金币礼包-13888'], ['￥6.00', '60通宝'], ['￥1.00', '1元回馈礼包'], ['￥648.00', '6480通宝'], ['￥30.00', '300通宝'], ['￥98.00', '980通宝'], ['￥6.00', '机缘包・成双']]"
1275209552,Kroger Fresh,Kroger Fresh,,美食佳饮,,0,The Kroger Co.,4,"中国, 中国香港, 中国台湾, 美国, 日本, 韩国, 澳大利亚, 加拿大, 阿根廷, 安圭拉, 安提瓜和巴布达, 巴巴多斯, 巴哈马, 巴拉圭, 巴拿马, 巴西, 百慕大, 玻利维亚, 伯利兹, 多米尼加共和国, 多米尼克, 厄瓜多尔, 哥伦比亚, 哥斯达黎加, 格林纳达, 圭亚那, 洪都拉斯, 开曼群岛, 蒙特塞拉特岛, 秘鲁, 墨西哥, 尼加拉瓜, 萨尔瓦多, 圣基茨岛和尼维斯, 圣卢西亚, 圣文森特和格林纳丁斯, 苏里南, 特克斯和凯科斯群岛, 特立尼达和多巴哥, 危地马拉, 委内瑞拉, 乌拉圭",73.78M,英文,1426,42,73.78,1,0,1,5,
1275783892,Mandalas Drawing Studio,Mandalas Drawing Studio,,图形和设计,,0,Marco Ant?nio Pompei,4,"中国, 中国香港, 中国台湾, 美国, 日本, 韩国, 澳大利亚, 加拿大, 阿根廷, 安圭拉, 安提瓜和巴布达, 巴巴多斯, 巴哈马, 巴拉圭, 巴拿马, 巴西, 百慕大, 玻利维亚, 伯利兹, 多米尼加共和国, 多米尼克, 厄瓜多尔, 哥伦比亚, 哥斯达黎加, 格林纳达, 圭亚那, 洪都拉斯, 开曼群岛, 蒙特塞拉特岛, 秘鲁, 墨西哥, 尼加拉瓜, 萨尔瓦多, 圣基茨岛和尼维斯, 圣卢西亚, 圣文森特和格林纳丁斯, 苏里南, 特克斯和凯科斯群岛, 特立尼达和多巴哥, 危地马拉, 委内瑞拉, 乌拉圭",10.07M,"英文,葡萄牙文,西班牙文",0,42,10.07,3,0,26,4.884615385,"[['￥18.00', 'Premium Features Package']]"
1276458414,兵人大战,兵人大战,,游戏,,0,"Beijing Yuanli Prism Technology Co., Ltd",17,中国,389.72M,"俄文,德文,意大利文,日文,简体中文,繁体中文,英文,葡萄牙文,西班牙文,韩文",582980,1,389.72,10,0,5820,4.529209622,"[['￥30.00', '小堆金币'], ['￥6.00', '一些金币'], ['￥68.00', '一小袋金币'], ['￥128.00', '一大袋金币'], ['￥648.00', '一大箱金币'], ['￥328.00', '一小箱金币'], ['￥18.00', '超级特惠3'], ['￥163.00', '30日特权'], ['￥1.00', '小额特惠'], ['￥3.00', '中额特惠']]"
1287453184,NeoShot - 手动相机 + RAW,NeoShot,慢速快门 & 长曝光,摄影与录像,,1,JIAN CAI,4,"中国, 中国香港, 中国台湾, 美国, 日本, 韩国, 澳大利亚, 加拿大, 阿根廷, 安圭拉, 安提瓜和巴布达, 巴巴多斯, 巴哈马, 巴拉圭, 巴拿马, 巴西, 百慕大, 玻利维亚, 伯利兹, 多米尼加共和国, 多米尼克, 厄瓜多尔, 哥伦比亚, 哥斯达黎加, 格林纳达, 圭亚那, 洪都拉斯, 开曼群岛, 蒙特塞拉特岛, 秘鲁, 墨西哥, 尼加拉瓜, 萨尔瓦多, 圣基茨岛和尼维斯, 圣卢西亚, 圣文森特和格林纳丁斯, 苏里南, 特克斯和凯科斯群岛, 特立尼达和多巴哥, 危地马拉, 委内瑞拉, 乌拉圭",8.14M,"简体中文,繁体中文,英文",23011,42,8.14,3,0,55,4.236363636,"[['￥7.00', 'NeoShot Pro 1 个月'], ['￥50.00', 'NeoShot Pro 12 个月'], ['￥20.00', 'NeoShot Pro 3 个月'], ['￥40.00', 'NeoShot Pro 6 个月']]"
1288719040,Stadium Goods,Stadium Goods,Shop Sneakers + Streetwear,购物,,1,Stadium Goods,4,"中国, 美国, 加拿大",29.39M,"简体中文,英文",18269,3,29.39,2,0,86,3.88372093,
1289087191,Itsme-,Itsme-,,社交,,0,Natural Synthetics Inc.,12,"中国, 中国香港, 中国台湾, 美国, 日本, 韩国, 澳大利亚, 加拿大, 阿根廷, 安圭拉, 安提瓜和巴布达, 巴巴多斯, 巴哈马, 巴拉圭, 巴拿马, 巴西, 百慕大, 玻利维亚, 伯利兹, 多米尼加共和国, 多米尼克, 厄瓜多尔, 哥伦比亚, 哥斯达黎加, 格林纳达, 圭亚那, 洪都拉斯, 开曼群岛, 蒙特塞拉特岛, 秘鲁, 墨西哥, 尼加拉瓜, 萨尔瓦多, 圣基茨岛和尼维斯, 圣卢西亚, 圣文森特和格林纳丁斯, 苏里南, 特克斯和凯科斯群岛, 特立尼达和多巴哥, 危地马拉, 委内瑞拉, 乌拉圭",303.14M,英文,0,42,303.14,1,0,3,5,
1291201750,Dungkar Dictionary,Dungkar Dictionary,,参考资料,,0,Phurba,4,"中国, 中国香港, 中国台湾, 美国, 日本, 韩国, 澳大利亚, 加拿大, 阿根廷, 安圭拉, 安提瓜和巴布达, 巴巴多斯, 巴哈马, 巴拉圭, 巴拿马, 巴西, 百慕大, 玻利维亚, 伯利兹, 多米尼加共和国, 多米尼克, 厄瓜多尔, 哥伦比亚, 哥斯达黎加, 格林纳达, 圭亚那, 洪都拉斯, 开曼群岛, 蒙特塞拉特岛, 秘鲁, 墨西哥, 尼加拉瓜, 萨尔瓦多, 圣基茨岛和尼维斯, 圣卢西亚, 圣文森特和格林纳丁斯, 苏里南, 特克斯和凯科斯群岛, 特立尼达和多巴哥, 危地马拉, 委内瑞拉, 乌拉圭",37.45M,"简体中文,英文,藏文",20220,42,37.45,3,2,213,4.450704225,
1294530516,我的待办-规划如此简单,我的待办,双列显示清单 & 时间提醒,效率,1,0,"TomaToDo Software Co., Ltd.",4,"中国, 中国香港, 中国台湾, 美国, 日本, 韩国, 澳大利亚, 加拿大, 阿根廷, 安圭拉, 安提瓜和巴布达, 巴巴多斯, 巴哈马, 巴拉圭, 巴拿马, 巴西, 百慕大, 玻利维亚, 伯利兹, 多米尼加共和国, 多米尼克, 厄瓜多尔, 哥伦比亚, 哥斯达黎加, 格林纳达, 圭亚那, 洪都拉斯, 开曼群岛, 蒙特塞拉特岛, 秘鲁, 墨西哥, 尼加拉瓜, 萨尔瓦多, 圣基茨岛和尼维斯, 圣卢西亚, 圣文森特和格林纳丁斯, 苏里南, 特克斯和凯科斯群岛, 特立尼达和多巴哥, 危地马拉, 委内瑞拉, 乌拉圭",65.13M,"日文,简体中文,繁体中文,英文",13711,42,65.13,4,1,910,4.715384615,
1294588923,办公室折纸,办公室折纸,折叠有趣的3D模型,娱乐,1,0,Andreas Bauer,4,"中国, 中国香港, 中国台湾, 美国, 日本, 韩国, 澳大利亚, 加拿大, 阿根廷, 安圭拉, 安提瓜和巴布达, 巴巴多斯, 巴哈马, 巴拉圭, 巴拿马, 巴西, 百慕大, 玻利维亚, 伯利兹, 多米尼加共和国, 多米尼克, 厄瓜多尔, 哥伦比亚, 哥斯达黎加, 格林纳达, 圭亚那, 洪都拉斯, 开曼群岛, 蒙特塞拉特岛, 秘鲁, 墨西哥, 尼加拉瓜, 萨尔瓦多, 圣基茨岛和尼维斯, 圣卢西亚, 圣文森特和格林纳丁斯, 苏里南, 特克斯和凯科斯群岛, 特立尼达和多巴哥, 危地马拉, 委内瑞拉, 乌拉圭",24.3M,"俄文,德文,意大利文,日文,法文,简体中文,繁体中文,英文,西班牙文",1275,42,24.3,9,0,9,4.555555556,
1295610132,Screen Mirroring + for Roku,Screen Mirroring,,效率,25,0,Kraus und Karnath GbR 2Kit Consulting,4,"中国, 中国香港, 中国台湾, 美国, 日本, 韩国, 澳大利亚, 加拿大, 阿根廷, 安圭拉, 安提瓜和巴布达, 巴巴多斯, 巴哈马, 巴拉圭, 巴拿马, 巴西, 百慕大, 玻利维亚, 伯利兹, 多米尼加共和国, 多米尼克, 厄瓜多尔, 哥伦比亚, 哥斯达黎加, 格林纳达, 圭亚那, 洪都拉斯, 开曼群岛, 蒙特塞拉特岛, 秘鲁, 墨西哥, 尼加拉瓜, 萨尔瓦多, 圣基茨岛和尼维斯, 圣卢西亚, 圣文森特和格林纳丁斯, 苏里南, 特克斯和凯科斯群岛, 特立尼达和多巴哥, 危地马拉, 委内瑞拉, 乌拉圭",24.5M,英文,3576,42,24.5,1,7,15,2.333333333,
1296651829,CrewApp MU,CrewApp MU,,商务,25,0,stadjer.net software,4,"中国, 中国香港, 中国台湾, 美国, 日本, 韩国, 澳大利亚, 加拿大, 阿根廷, 安圭拉, 安提瓜和巴布达, 巴巴多斯, 巴哈马, 巴拉圭, 巴拿马, 巴西, 百慕大, 玻利维亚, 伯利兹, 多米尼加共和国, 多米尼克, 厄瓜多尔, 哥伦比亚, 哥斯达黎加, 格林纳达, 圭亚那, 洪都拉斯, 开曼群岛, 蒙特塞拉特岛, 秘鲁, 墨西哥, 尼加拉瓜, 萨尔瓦多, 圣基茨岛和尼维斯, 圣卢西亚, 圣文森特和格林纳丁斯, 苏里南, 特克斯和凯科斯群岛, 特立尼达和多巴哥, 危地马拉, 委内瑞拉, 乌拉圭",16.31M,英文,4007,42,16.31,1,0,1502.221664,4.11263281,
1297134254,定向初A,定向初A,,体育,12,0,Ping Kin Chan,4,"中国, 中国香港, 中国台湾, 美国, 日本, 韩国, 澳大利亚, 加拿大, 阿根廷, 安圭拉, 安提瓜和巴布达, 巴巴多斯, 巴哈马, 巴拉圭, 巴拿马, 巴西, 百慕大, 玻利维亚, 伯利兹, 多米尼加共和国, 多米尼克, 厄瓜多尔, 哥伦比亚, 哥斯达黎加, 格林纳达, 圭亚那, 洪都拉斯, 开曼群岛, 蒙特塞拉特岛, 秘鲁, 墨西哥, 尼加拉瓜, 萨尔瓦多, 圣基茨岛和尼维斯, 圣卢西亚, 圣文森特和格林纳丁斯, 苏里南, 特克斯和凯科斯群岛, 特立尼达和多巴哥, 危地马拉, 委内瑞拉, 乌拉圭",452.52M,英文,1422,42,452.52,1,0,1099.36413,4.916641537,
1297883852,神雕侠侣2,神雕侠侣2,国民IP侠侣真爱手游,游戏,0,0,完美世界游戏,17,中国,2266.24M,简体中文,2657670,1,2266.24,1,5,30534,4.332612825,"[['￥1.00', '1元每日特惠礼包'], ['￥3.00', '3元每日特惠礼包'], ['￥8.00', '8元每日特惠礼包'], ['￥6.00', '6元元宝礼包'], ['￥648.00', '648元元宝礼包'], ['￥30.00', '30元元宝礼包'], ['￥60.00', '60元元宝礼包'], ['￥30.00', '萌雕月卡'], ['￥198.00', '198元元宝礼包'], ['￥60.00', '60元限时特惠购买']]"
1298971687,熊猫博士看世界-儿童百科,熊猫博士看世界,BBC百科视频宝宝益智早教思维训练,教育,0,0,Dr. Panda Ltd,4,"中国, 中国香港, 中国台湾, 美国, 日本, 韩国, 澳大利亚, 加拿大, 阿根廷, 安圭拉, 安提瓜和巴布达, 巴巴多斯, 巴哈马, 巴拉圭, 巴拿马, 巴西, 百慕大, 玻利维亚, 伯利兹, 多米尼加共和国, 多米尼克, 厄瓜多尔, 哥伦比亚, 哥斯达黎加, 格林纳达, 圭亚那, 洪都拉斯, 开曼群岛, 蒙特塞拉特岛, 秘鲁, 墨西哥, 尼加拉瓜, 萨尔瓦多, 圣基茨岛和尼维斯, 圣卢西亚, 圣文森特和格林纳丁斯, 苏里南, 特克斯和凯科斯群岛, 特立尼达和多巴哥, 危地马拉, 委内瑞拉, 乌拉圭",708.58M,"德文,简体中文,繁体中文,英文,荷兰文",170421,42,708.58,5,17,24171,4.959083199,"[['￥68.00', '连续包月VIP'], ['￥248.00', '连续包年VIP'], ['￥68.00', '连续包月VIP'], ['￥198.00', '半年VIP'], ['￥248.00', '连续包年VIP'], ['￥298.00', '包年VIP']]"
1300107673,BanG Dream! 少女乐团派对!,BanG Dream,次世代少女乐队音乐手游,游戏,0,0,"Shanghai Hode Information Technology Co.,Ltd.",4,中国,410.4M,简体中文,613135,1,410.4,1,14,9357,4.633002031,"[['￥68.00', '特惠欢乐月卡'], ['￥50.00', '星石1200个（活动限定）'], ['￥1.00', '新手1元礼包'], ['￥178.00', '星石4000个（活动限定）'], ['￥30.00', 'KiraKira PASS'], ['￥6.00', '新手6元礼包'], ['￥518.00', '星石8400个'], ['￥88.00', '星石2000个（活动限定）'], ['￥6.00', '星石60个'], ['￥30.00', 'iOS专享礼包']]"
1301097417,手持弹幕 - led荧光屏跑马灯,手持弹幕,,生活,0,0,Zhihua Peng,4,"中国, 中国香港, 中国台湾, 美国, 日本, 韩国, 澳大利亚, 加拿大, 阿根廷, 安圭拉, 安提瓜和巴布达, 巴巴多斯, 巴哈马, 巴拉圭, 巴拿马, 巴西, 百慕大, 玻利维亚, 伯利兹, 多米尼加共和国, 多米尼克, 厄瓜多尔, 哥伦比亚, 哥斯达黎加, 格林纳达, 圭亚那, 洪都拉斯, 开曼群岛, 蒙特塞拉特岛, 秘鲁, 墨西哥, 尼加拉瓜, 萨尔瓦多, 圣基茨岛和尼维斯, 圣卢西亚, 圣文森特和格林纳丁斯, 苏里南, 特克斯和凯科斯群岛, 特立尼达和多巴哥, 危地马拉, 委内瑞拉, 乌拉圭",9.45M,英文,0,42,9.45,1,3,332,4.936746988,"[['￥5.00', '自动订阅5.00/周'], ['￥6.00', '一次性去除广告'], ['￥238.00', '自动订阅238.00/年']]"
1301157268,MicSwap Video: 视频音频编辑器,MicSwap Video,"编辑视频声音, 添加回声, 混响, 更改音调",摄影与录像,0,0,Future Moments,4,"中国, 中国香港, 中国台湾, 美国, 日本, 韩国, 澳大利亚, 加拿大, 阿根廷, 安圭拉, 安提瓜和巴布达, 巴巴多斯, 巴哈马, 巴拉圭, 巴拿马, 巴西, 百慕大, 玻利维亚, 伯利兹, 多米尼加共和国, 多米尼克, 厄瓜多尔, 哥伦比亚, 哥斯达黎加, 格林纳达, 圭亚那, 洪都拉斯, 开曼群岛, 蒙特塞拉特岛, 秘鲁, 墨西哥, 尼加拉瓜, 萨尔瓦多, 圣基茨岛和尼维斯, 圣卢西亚, 圣文森特和格林纳丁斯, 苏里南, 特克斯和凯科斯群岛, 特立尼达和多巴哥, 危地马拉, 委内瑞拉, 乌拉圭",45.91M,英文,1811,42,45.91,1,8,37,4.459459459,"[['￥35.00', '每月一次'], ['￥73.00', '6个月'], ['￥108.00', '每年']]"
1302737642,Gathered - Collect Inspiration,Gathered,,图形和设计,0,0,Nikola Kirev,4,"中国, 中国香港, 中国台湾, 美国, 日本, 韩国, 澳大利亚, 加拿大, 阿根廷, 安圭拉, 安提瓜和巴布达, 巴巴多斯, 巴哈马, 巴拉圭, 巴拿马, 巴西, 百慕大, 玻利维亚, 伯利兹, 多米尼加共和国, 多米尼克, 厄瓜多尔, 哥伦比亚, 哥斯达黎加, 格林纳达, 圭亚那, 洪都拉斯, 开曼群岛, 蒙特塞拉特岛, 秘鲁, 墨西哥, 尼加拉瓜, 萨尔瓦多, 圣基茨岛和尼维斯, 圣卢西亚, 圣文森特和格林纳丁斯, 苏里南, 特克斯和凯科斯群岛, 特立尼达和多巴哥, 危地马拉, 委内瑞拉, 乌拉圭",3.61M,"保加利亚文,德文,英文",0,42,3.61,3,0,437.1685393,4.804204791,"[['￥70.00', 'Annual Subscription'], ['￥7.00', 'Monthly Subscription'], ['￥163.00', 'Gathered Pro']]"
1309483627,无法触碰的掌心,无法触碰的掌心,体感型恋爱冒险手游,游戏,6,0,"Shanghai Hode Information Technology Co.,Ltd.",12,中国,479.92M,英文,0,1,479.92,1,14,1897,4.280969953,"[['￥12.00', '章节组合包-晴人篇'], ['￥12.00', '章节组合包-葵篇'], ['￥6.00', '第１章 第一次会面延长'], ['￥6.00', '第１章 第二次会面延长'], ['￥6.00', '第２章 第一次会面延长'], ['￥6.00', '第４章 第三次会面延长'], ['￥6.00', '盛开的花朵，就像……'], ['￥6.00', '第１章 第一次会面延长-葵篇'], ['￥6.00', '第１章 第三次会面延长'], ['￥6.00', '第６章 第三次会面延"
1310121403,博雅-地方棋牌,博雅,地方特色棋牌游戏合集,游戏,0,0,"Shandong Zhendong Network Technology Co., Ltd.",17,中国,293.13M,简体中文,169253,1,293.13,1,0,483,2.906832298,"[['￥3.00', '30000银币'], ['￥6.00', '60000银币'], ['￥12.00', '120000银币'], ['￥3.00', '300金条'], ['￥30.00', '300000银币'], ['￥18.00', '180000银币'], ['￥6.00', '600金条'], ['￥50.00', '500000银币'], ['￥98.00', '980000银币'], ['￥12.00', '1200金条']]"
1313186295,o聊詹-O控警笃 (台股即r + 技gIax股),o聊詹,,财务,0,1,CMoney,4,"中国, 中国香港, 中国台湾, 美国, 日本, 韩国, 澳大利亚, 加拿大, 阿根廷, 安圭拉, 安提瓜和巴布达, 巴巴多斯, 巴哈马, 巴拉圭, 巴拿马, 巴西, 百慕大, 玻利维亚, 伯利兹, 多米尼加共和国, 多米尼克, 厄瓜多尔, 哥伦比亚, 哥斯达黎加, 格林纳达, 圭亚那, 洪都拉斯, 开曼群岛, 蒙特塞拉特岛, 秘鲁, 墨西哥, 尼加拉瓜, 萨尔瓦多, 圣基茨岛和尼维斯, 圣卢西亚, 圣文森特和格林纳丁斯, 苏里南, 特克斯和凯科斯群岛, 特立尼达和多巴哥, 危地马拉, 委内瑞拉, 乌拉圭",164.9M,英文,0,42,164.9,1,6,2581.536458,4.76198969,"[['￥188.00', '自永msO控警笃饕月']]"
1316323356,轩辕剑龙舞云山,轩辕剑龙舞云山,新服送125抽,游戏,0,0,网易移动游戏,9,中国,2699.72M,简体中文,1206167,1,2699.72,1,65,17556,4.551948052,"[['￥648.00', '6480玉帛'], ['￥6.00', '60玉帛'], ['￥98.00', '980玉帛'], ['￥30.00', '300玉帛'], ['￥50.00', '500玉帛'], ['￥30.00', '萌萌月卡'], ['￥198.00', '1980玉帛'], ['￥298.00', '2980玉帛'], ['￥98.00', '终身卡'], ['￥488.00', '4880玉帛']]"
1330896529,现代汉语词典-一部久享盛誉的规范性词典,现代汉语词典,承载大国文化，记录文明脚步,教育,0,0,"Shanghai Shangdi Digital Publishing Technology Co., Ltd.",4,"中国, 中国香港, 中国台湾, 美国, 日本, 韩国, 澳大利亚, 加拿大, 阿根廷, 安圭拉, 安提瓜和巴布达, 巴巴多斯, 巴哈马, 巴拉圭, 巴拿马, 巴西, 百慕大, 玻利维亚, 伯利兹, 多米尼加共和国, 多米尼克, 厄瓜多尔, 哥伦比亚, 哥斯达黎加, 格林纳达, 圭亚那, 洪都拉斯, 开曼群岛, 蒙特塞拉特岛, 秘鲁, 墨西哥, 尼加拉瓜, 萨尔瓦多, 圣基茨岛和尼维斯, 圣卢西亚, 圣文森特和格林纳丁斯, 苏里南, 特克斯和凯科斯群岛, 特立尼达和多巴哥, 危地马拉, 委内瑞拉, 乌拉圭",172.66M,英文,312535,42,172.66,1,3,2870,4.160278746,"[['￥98.00', '98币'], ['￥40.00', '40币'], ['￥88.00', '88币'], ['￥18.00', '18币']]"
1435027474,Emolog,Emolog,Record my daily emotions,生活,0,1,Kyungmoo Min,4,"中国, 中国香港, 中国台湾, 美国, 日本, 韩国, 澳大利亚, 加拿大, 阿根廷, 安圭拉, 安提瓜和巴布达, 巴巴多斯, 巴哈马, 巴拉圭, 巴拿马, 巴西, 百慕大, 玻利维亚, 伯利兹, 多米尼加共和国, 多米尼克, 厄瓜多尔, 哥伦比亚, 哥斯达黎加, 格林纳达, 圭亚那, 洪都拉斯, 开曼群岛, 蒙特塞拉特岛, 秘鲁, 墨西哥, 尼加拉瓜, 萨尔瓦多, 圣基茨岛和尼维斯, 圣卢西亚, 圣文森特和格林纳丁斯, 苏里南, 特克斯和凯科斯群岛, 特立尼达和多巴哥, 危地马拉, 委内瑞拉, 乌拉圭",96.17M,"日文,泰文,简体中文,繁体中文,英文,韩文",36101,42,96.17,6,0,2141,4.835590845,"[['￥50.00', 'Unlimited Pass'], ['￥18.00', '(50%OFF)180-day Pass'], ['￥6.00', '(50%off) 30-day Pass'], ['￥12.00', '30-day Pass'], ['￥108.00', '(50% OFF) Unlimited Pass'], ['￥30.00', '(50% OFF) 365-day Pass'], ['￥40.00', '180-day Pass'], ['￥68.00', '365-day"
1436476263,龙珠觉醒,龙珠觉醒,正版,游戏,0,0,中手游,9,中国,1662.13M,简体中文,3692921,1,1662.13,1,4,31149,4.405984141,"[['￥6.00', '60钻石'], ['￥1.00', '1元礼包'], ['￥6.00', '6元礼包'], ['￥3.00', '3元礼包'], ['￥30.00', '300钻石'], ['￥6.00', '新6元直购礼包'], ['￥98.00', '980钻石'], ['￥648.00', '6480钻石'], ['￥30.00', '月卡1'], ['￥198.00', '1980钻石']]"
1438388363,"习惯清单- 打卡助手, 喝水时间提醒与自律目标",习惯清单,自律养成好习惯,效率,0,0,"Davetech Co., Ltd.",4,"中国, 中国香港, 中国台湾, 美国, 日本, 韩国, 澳大利亚, 加拿大, 阿根廷, 安圭拉, 安提瓜和巴布达, 巴巴多斯, 巴哈马, 巴拉圭, 巴拿马, 巴西, 百慕大, 玻利维亚, 伯利兹, 多米尼加共和国, 多米尼克, 厄瓜多尔, 哥伦比亚, 哥斯达黎加, 格林纳达, 圭亚那, 洪都拉斯, 开曼群岛, 蒙特塞拉特岛, 秘鲁, 墨西哥, 尼加拉瓜, 萨尔瓦多, 圣基茨岛和尼维斯, 圣卢西亚, 圣文森特和格林纳丁斯, 苏里南, 特克斯和凯科斯群岛, 特立尼达和多巴哥, 危地马拉, 委内瑞拉, 乌拉圭",277.12M,"简体中文,繁体中文,英文",105619,42,277.12,3,6,20262,4.805892804,"[['￥30.00', 'Habify Pro'], ['￥22.00', 'Habit Pro.'], ['￥18.00', 'Habit Promo']]"
1445111714,天津地铁-地铁官方APP,天津地铁,天津地铁官方手机乘车应用,工具,0,1,天津轨道交通集团有限公司线网指挥管理中心,4,"中国, 中国香港, 中国台湾, 美国, 日本, 韩国, 澳大利亚, 加拿大, 阿根廷, 安圭拉, 安提瓜和巴布达, 巴巴多斯, 巴哈马, 巴拉圭, 巴拿马, 巴西, 百慕大, 玻利维亚, 伯利兹, 多米尼加共和国, 多米尼克, 厄瓜多尔, 哥伦比亚, 哥斯达黎加, 格林纳达, 圭亚那, 洪都拉斯, 开曼群岛, 蒙特塞拉特岛, 秘鲁, 墨西哥, 尼加拉瓜, 萨尔瓦多, 圣基茨岛和尼维斯, 圣卢西亚, 圣文森特和格林纳丁斯, 苏里南, 特克斯和凯科斯群岛, 特立尼达和多巴哥, 危地马拉, 委内瑞拉, 乌拉圭",152.41M,简体中文,2093776,42,152.41,1,0,3143,4.013681196,
1445986819,好信云会议-电话视频办公云会议,好信云会议,远程通讯会议企业办公软件,商务,0,0,哈尔滨立成通信软件开发有限公司,4,"中国, 中国香港, 中国台湾, 美国, 日本, 韩国, 澳大利亚, 加拿大, 阿根廷, 安圭拉, 安提瓜和巴布达, 巴巴多斯, 巴哈马, 巴拉圭, 巴拿马, 巴西, 百慕大, 玻利维亚, 伯利兹, 多米尼加共和国, 多米尼克, 厄瓜多尔, 哥伦比亚, 哥斯达黎加, 格林纳达, 圭亚那, 洪都拉斯, 开曼群岛, 蒙特塞拉特岛, 秘鲁, 墨西哥, 尼加拉瓜, 萨尔瓦多, 圣基茨岛和尼维斯, 圣卢西亚, 圣文森特和格林纳丁斯, 苏里南, 特克斯和凯科斯群岛, 特立尼达和多巴哥, 危地马拉, 委内瑞拉, 乌拉圭",138.46M,"简体中文,英文",2248,42,138.46,2,0,65,3.830769231,"[['￥98.00', '98元'], ['￥188.00', '188元'], ['￥488.00', '488元']]"
1450232508,放置勇者传：复古冒险手游,放置勇者传,开启一段宠物魔幻之旅,娱乐,1,0,dong xiong,9,"中国, 中国香港, 中国台湾, 美国, 日本, 澳大利亚, 加拿大, 阿根廷, 安圭拉, 安提瓜和巴布达, 巴巴多斯, 巴哈马, 巴拉圭, 巴拿马, 巴西, 百慕大, 玻利维亚, 伯利兹, 多米尼加共和国, 多米尼克, 厄瓜多尔, 哥伦比亚, 哥斯达黎加, 格林纳达, 圭亚那, 洪都拉斯, 开曼群岛, 蒙特塞拉特岛, 秘鲁, 墨西哥, 尼加拉瓜, 萨尔瓦多, 圣基茨岛和尼维斯, 圣卢西亚, 圣文森特和格林纳丁斯, 苏里南, 特克斯和凯科斯群岛, 特立尼达和多巴哥, 危地马拉, 委内瑞拉, 乌拉圭, 牙买",82.97M,"简体中文,英文",27938,42,82.97,2,0,3654,4.65681445,
1452604355,Magimix,Magimix,,美食佳饮,0,0,MAGIMIX,4,"中国, 中国香港, 中国台湾, 美国, 日本, 韩国, 澳大利亚, 加拿大, 阿根廷, 安圭拉, 安提瓜和巴布达, 巴巴多斯, 巴哈马, 巴拉圭, 巴拿马, 巴西, 百慕大, 玻利维亚, 伯利兹, 多米尼加共和国, 多米尼克, 厄瓜多尔, 哥伦比亚, 哥斯达黎加, 格林纳达, 圭亚那, 洪都拉斯, 开曼群岛, 蒙特塞拉特岛, 秘鲁, 墨西哥, 尼加拉瓜, 萨尔瓦多, 圣基茨岛和尼维斯, 圣卢西亚, 圣文森特和格林纳丁斯, 苏里南, 特克斯和凯科斯群岛, 特立尼达和多巴哥, 危地马拉, 委内瑞拉, 乌拉圭",30.77M,"意大利文,法文,英文,荷兰文,西班牙文",0,42,30.77,5,0,594.5138889,4.856804112,
1452999157,条码输入法 - 可扫码的输入法,条码输入法,让每个App都能扫描条形码和二维码,工具,0,0,Numob,4,"中国, 中国香港, 中国台湾, 美国, 日本, 韩国, 澳大利亚, 加拿大, 阿根廷, 安圭拉, 安提瓜和巴布达, 巴巴多斯, 巴哈马, 巴拉圭, 巴拿马, 巴西, 百慕大, 玻利维亚, 伯利兹, 多米尼加共和国, 多米尼克, 厄瓜多尔, 哥伦比亚, 哥斯达黎加, 格林纳达, 圭亚那, 洪都拉斯, 开曼群岛, 蒙特塞拉特岛, 秘鲁, 墨西哥, 尼加拉瓜, 萨尔瓦多, 圣基茨岛和尼维斯, 圣卢西亚, 圣文森特和格林纳丁斯, 苏里南, 特克斯和凯科斯群岛, 特立尼达和多巴哥, 危地马拉, 委内瑞拉, 乌拉圭",18.14M,"简体中文,英文",0,42,18.14,2,4,54,3.925925926,"[['￥143.00', '个人版 (1年)'], ['￥15.00', '专业版 (1周)'], ['￥30.00', '专业版 (1月)'], ['￥698.00', '团队版 (1年)'], ['￥6,498.00', '大企业版 (1年)'], ['￥1,998.00', '企业版 (1年)']]"
1455175004,齐鲁工惠,齐鲁工惠,,生活,0,1,"Inspur Software Co., Ltd.",17,中国,66.68M,"简体中文,英文",1241613,1,66.68,2,0,2222,1.680018002,
1455744098,Doft Load Board & Truck Loads,Doft Load Board,,商务,0,0,"PLACE STARS, Inc.",4,"中国, 中国香港, 中国台湾, 美国, 日本, 韩国, 澳大利亚, 加拿大, 阿根廷, 安圭拉, 安提瓜和巴布达, 巴巴多斯, 巴哈马, 巴拉圭, 巴拿马, 巴西, 百慕大, 玻利维亚, 伯利兹, 多米尼加共和国, 多米尼克, 厄瓜多尔, 哥伦比亚, 哥斯达黎加, 格林纳达, 圭亚那, 洪都拉斯, 开曼群岛, 蒙特塞拉特岛, 秘鲁, 墨西哥, 尼加拉瓜, 萨尔瓦多, 圣基茨岛和尼维斯, 圣卢西亚, 圣文森特和格林纳丁斯, 苏里南, 特克斯和凯科斯群岛, 特立尼达和多巴哥, 危地马拉, 委内瑞拉, 乌拉圭",109.36M,英文,0,42,109.36,1,0,1508.560152,4.11263281,"[['￥68.00', 'Premium Individual (Monthly)'], ['￥688.00', 'Premium Individual (Annual)'], ['￥148.00', 'Premium Business (Monthly)'], ['￥1,448.00', 'Premium Business (Annual)'], ['￥1,448.00', 'Premium Business (Annual)'], ['￥148.00', 'Premium Business (Mont"
1457417598,宇星模王积木,宇星模王积木,,娱乐,0,0,yingbiao pan,4,"中国, 中国香港, 中国台湾, 美国, 日本, 韩国, 澳大利亚, 加拿大, 阿根廷, 安圭拉, 安提瓜和巴布达, 巴巴多斯, 巴哈马, 巴拉圭, 巴拿马, 巴西, 百慕大, 玻利维亚, 伯利兹, 多米尼加共和国, 多米尼克, 厄瓜多尔, 哥伦比亚, 哥斯达黎加, 格林纳达, 圭亚那, 洪都拉斯, 开曼群岛, 蒙特塞拉特岛, 秘鲁, 墨西哥, 尼加拉瓜, 萨尔瓦多, 圣基茨岛和尼维斯, 圣卢西亚, 圣文森特和格林纳丁斯, 苏里南, 特克斯和凯科斯群岛, 特立尼达和多巴哥, 危地马拉, 委内瑞拉, 乌拉圭",54.97M,"日文,简体中文,繁体中文,英文,韩文",22995,42,54.97,5,0,209,3.875598086,
1459055246,Noto 笔记,Noto 笔记,一款操作便捷，功能强大的笔记软件,效率,0,0,"ZHAO, YI LUN",4,"中国, 中国香港, 中国台湾, 美国, 日本, 韩国, 澳大利亚, 加拿大, 阿根廷, 安圭拉, 安提瓜和巴布达, 巴巴多斯, 巴哈马, 巴拉圭, 巴拿马, 巴西, 百慕大, 玻利维亚, 伯利兹, 多米尼加共和国, 多米尼克, 厄瓜多尔, 哥伦比亚, 哥斯达黎加, 格林纳达, 圭亚那, 洪都拉斯, 开曼群岛, 蒙特塞拉特岛, 秘鲁, 墨西哥, 尼加拉瓜, 萨尔瓦多, 圣基茨岛和尼维斯, 圣卢西亚, 圣文森特和格林纳丁斯, 苏里南, 特克斯和凯科斯群岛, 特立尼达和多巴哥, 危地马拉, 委内瑞拉, 乌拉圭",62M,"简体中文,英文,韩文",60752,42,62,3,1,1235,4.535222672,"[['￥7.00', 'Noto Pro Monthly'], ['￥163.00', 'Noto Lifetime'], ['￥73.00', 'Noto Pro Yearly']]"
1461676842,VirtuCamera (Unlimited),VirtuCamera,,图形和设计,30,0,Pablo Javier Garcia Gonzalez,4,"中国, 中国台湾, 美国, 日本, 韩国, 澳大利亚, 加拿大, 哥伦比亚, 墨西哥, 智利, 阿尔巴尼亚, 爱尔兰, 爱沙尼亚, 奥地利, 白俄罗斯, 保加利亚, 比利时, 冰岛, 波兰, 丹麦, 德国, 俄罗斯, 法国, 芬兰, 荷兰, 捷克共和国, 克罗地亚, 拉脱维亚, 立陶宛, 卢森堡, 罗马尼亚, 马其他, 摩尔多瓦共和国, 挪威, 葡萄牙, 瑞典, 瑞士, 塞浦路斯, 斯洛伐克, 斯洛文尼亚, 土耳其, 希腊, 西班牙, 匈牙利, 意大利, 英国, 马来西亚, 塔吉克斯坦, 乌兹别克斯坦,",26.59M,英文,90,50,26.59,1,0,442.0805454,4.804204791,
1463277818,CTID,CTID,居民身份网络可信凭证,工具,0,1,公安部第一研究所,4,"中国, 中国香港, 中国台湾, 中国澳门",57.27M,英文,93868,4,57.27,1,0,115,2.086956522,
1464479371,答税,答税,掌中财税，有问必答,财务,0,1,Shenzhen WebTax Limited,4,"中国, 中国香港, 中国台湾, 美国, 日本, 韩国, 澳大利亚, 加拿大, 阿根廷, 安圭拉, 安提瓜和巴布达, 巴巴多斯, 巴哈马, 巴拉圭, 巴拿马, 巴西, 百慕大, 玻利维亚, 伯利兹, 多米尼加共和国, 多米尼克, 厄瓜多尔, 哥伦比亚, 哥斯达黎加, 格林纳达, 圭亚那, 洪都拉斯, 开曼群岛, 蒙特塞拉特岛, 秘鲁, 墨西哥, 尼加拉瓜, 萨尔瓦多, 圣基茨岛和尼维斯, 圣卢西亚, 圣文森特和格林纳丁斯, 苏里南, 特克斯和凯科斯群岛, 特立尼达和多巴哥, 危地马拉, 委内瑞拉, 乌拉圭",190.35M,简体中文,379,42,190.35,1,0,85,5,"[['￥588.00', '年度会员活动价'], ['￥68.00', '答贝68元'], ['￥228.00', '答贝228元'], ['￥168.00', '答贝168元'], ['￥6.00', '答贝6元'], ['￥18.00', '答贝18元'], ['￥88.00', '答贝88元'], ['￥388.00', '年度会员'], ['￥388.00', '答贝388元'], ['￥998.00', '答贝998元']]"
1464493945,朱贝-在线直播交友软件,朱贝,年轻网红在线聊天平台,娱乐,0,1,重庆三丫互娱网络科技有限公司,9,"中国, 中国香港, 中国台湾, 美国, 日本, 韩国, 澳大利亚, 加拿大, 阿根廷, 安圭拉, 安提瓜和巴布达, 巴巴多斯, 巴哈马, 巴拉圭, 巴拿马, 巴西, 百慕大, 玻利维亚, 伯利兹, 多米尼加共和国, 多米尼克, 厄瓜多尔, 哥伦比亚, 哥斯达黎加, 格林纳达, 圭亚那, 洪都拉斯, 开曼群岛, 蒙特塞拉特岛, 秘鲁, 墨西哥, 尼加拉瓜, 萨尔瓦多, 圣基茨岛和尼维斯, 圣卢西亚, 圣文森特和格林纳丁斯, 苏里南, 特克斯和凯科斯群岛, 特立尼达和多巴哥, 危地马拉, 委内瑞拉, 乌拉圭",349.13M,"简体中文,英文",186847,42,349.13,2,0,1515,4.735313531,"[['￥30.00', '210钻石'], ['￥6.00', '42钻石'], ['￥68.00', '476钻石']]"
1465566275,他趣（plus）,他趣,附近随时有人聊,社交,1,1,"Xiamen HaiBao Information Technology Co., Ltd.",17,中国,553.57M,"简体中文,英文",1271760,1,553.57,2,1,5696,4.56636236,"[['￥6.00', '6元420趣豆'], ['￥30.00', '30元2100趣豆'], ['￥98.00', '98元6860趣豆'], ['￥108.00', '108元7560趣豆'], ['￥298.00', '298元20860趣豆'], ['￥1.00', '1元70趣豆'], ['￥25.00', '开通贵族【圣骑士】1个月'], ['￥12.00', '开通贵族【骑士】1个月'], ['￥73.00', '开通贵族【圣骑士】3个月'], ['￥238.00', '开通贵族【子爵】1个"
1467552236,Tonality: Music Theory,Tonality,,音乐,40,0,Bryce Hostetler,4,"中国, 中国香港, 中国台湾, 美国, 日本, 韩国, 澳大利亚, 加拿大, 阿根廷, 安圭拉, 安提瓜和巴布达, 巴巴多斯, 巴哈马, 巴拉圭, 巴拿马, 巴西, 百慕大, 玻利维亚, 伯利兹, 多米尼加共和国, 多米尼克, 厄瓜多尔, 哥伦比亚, 哥斯达黎加, 格林纳达, 圭亚那, 洪都拉斯, 开曼群岛, 蒙特塞拉特岛, 秘鲁, 墨西哥, 尼加拉瓜, 萨尔瓦多, 圣基茨岛和尼维斯, 圣卢西亚, 圣文森特和格林纳丁斯, 苏里南, 特克斯和凯科斯群岛, 特立尼达和多巴哥, 危地马拉, 委内瑞拉, 乌拉圭",96.36M,英文,2533,42,96.36,1,0,4,5,"[['￥18.00', 'Medium Tip'], ['￥6.00', 'Small Tip'], ['￥40.00', 'Large Tip']]"
1468733422,嘟嘟启蒙-宝宝双语识字点读卡,嘟嘟启蒙,500张中英文卡片、恐龙绘本等早教游戏,教育,1,0,HN Tech Ltd.,4,"中国, 中国香港, 中国台湾, 美国, 日本, 韩国, 澳大利亚, 加拿大, 阿根廷, 安圭拉, 安提瓜和巴布达, 巴巴多斯, 巴哈马, 巴拉圭, 巴拿马, 巴西, 百慕大, 玻利维亚, 伯利兹, 多米尼加共和国, 多米尼克, 厄瓜多尔, 哥伦比亚, 哥斯达黎加, 格林纳达, 圭亚那, 洪都拉斯, 开曼群岛, 蒙特塞拉特岛, 秘鲁, 墨西哥, 尼加拉瓜, 萨尔瓦多, 圣基茨岛和尼维斯, 圣卢西亚, 圣文森特和格林纳丁斯, 苏里南, 特克斯和凯科斯群岛, 特立尼达和多巴哥, 危地马拉, 委内瑞拉, 乌拉圭",221.05M,"简体中文,英文",14595,42,221.05,2,3,733,4.275579809,
1471481469,特斯拉充电 地图 - 特斯拉,特斯拉充电 地图,Tesla charger map,导航,0,0,yohan teixeira,4,"中国, 中国香港, 中国台湾, 美国, 日本, 韩国, 澳大利亚, 加拿大, 阿根廷, 安圭拉, 安提瓜和巴布达, 巴巴多斯, 巴哈马, 巴拉圭, 巴拿马, 巴西, 百慕大, 玻利维亚, 伯利兹, 多米尼加共和国, 多米尼克, 厄瓜多尔, 哥伦比亚, 哥斯达黎加, 格林纳达, 圭亚那, 洪都拉斯, 开曼群岛, 蒙特塞拉特岛, 秘鲁, 墨西哥, 尼加拉瓜, 萨尔瓦多, 圣基茨岛和尼维斯, 圣卢西亚, 圣文森特和格林纳丁斯, 苏里南, 特克斯和凯科斯群岛, 特立尼达和多巴哥, 危地马拉, 委内瑞拉, 乌拉圭",14.96M,"博克马尔文挪威文,法文,简体中文,英文",99,42,14.96,4,1,42,4.904761905,"[['￥28.00', '显示目的地充电站位置'], ['￥28.00', 'Display charging locations USA'], ['￥12.00', 'chargeurs à destinations'], ['￥30.00', 'chargeurs à destinations'], ['￥30.00', 'chargeurs à destinations'], ['￥30.00', 'chargeurs à destinations'], ['￥30.00', 'Display ch"
1473218590,嗨花,嗨花,有钱花，就是嗨！正规持牌，值得信赖！,财务,0,1,湖北消费金融股份有限公司,17,"中国香港, 中国台湾, 美国, 日本, 韩国, 澳大利亚, 加拿大, 阿根廷, 安圭拉, 安提瓜和巴布达, 巴巴多斯, 巴哈马, 巴拉圭, 巴拿马, 巴西, 百慕大, 玻利维亚, 伯利兹, 多米尼加共和国, 多米尼克, 厄瓜多尔, 哥伦比亚, 哥斯达黎加, 格林纳达, 圭亚那, 洪都拉斯, 开曼群岛, 蒙特塞拉特岛, 秘鲁, 墨西哥, 尼加拉瓜, 萨尔瓦多, 圣基茨岛和尼维斯, 圣卢西亚, 圣文森特和格林纳丁斯, 苏里南, 特克斯和凯科斯群岛, 特立尼达和多巴哥, 危地马拉, 委内瑞拉, 乌拉圭, 牙买",46.15M,英文,11321,42,46.15,1,2,37,1.837837838,
1474912464,管家婆云APP-进销库存管理erp软件,管家婆云APP,手机开单、记账仓库管理erp软件,商务,0,0,"Chengdu OctopusMan Technology Co., Ltd.",4,"中国, 中国香港, 中国台湾, 美国, 日本, 韩国, 澳大利亚, 加拿大, 阿根廷, 安圭拉, 安提瓜和巴布达, 巴巴多斯, 巴哈马, 巴拉圭, 巴拿马, 巴西, 百慕大, 玻利维亚, 伯利兹, 多米尼加共和国, 多米尼克, 厄瓜多尔, 哥伦比亚, 哥斯达黎加, 格林纳达, 圭亚那, 洪都拉斯, 开曼群岛, 蒙特塞拉特岛, 秘鲁, 墨西哥, 尼加拉瓜, 萨尔瓦多, 圣基茨岛和尼维斯, 圣卢西亚, 圣文森特和格林纳丁斯, 苏里南, 特克斯和凯科斯群岛, 特立尼达和多巴哥, 危地马拉, 委内瑞拉, 乌拉圭",70.06M,简体中文,49212,42,70.06,1,0,930,4.903225806,"[['￥418.00', '管家婆云APP 1用户版']]"
1474915907,猫语狗语翻译器 - 人猫咪狗狗翻译器,猫语狗语翻译器,人狗翻译器(宠物语言翻译器),工具,0,0,Shuo Han,4,中国,59.52M,"俄文,日文,法文,简体中文,繁体中文,英文,西班牙文,韩文",298,1,59.52,8,4,4891,4.968104682,"[['￥68.00', 'vip']]"
1478579304,广东省空气质量实况与预报手机发布系统pro,广东省空气质量实况与预报手机发布系统pro,,天气,0,1,广东省环境监测中心,4,"中国香港, 中国台湾, 日本, 韩国, 澳大利亚, 加拿大, 阿根廷, 安圭拉, 安提瓜和巴布达, 巴巴多斯, 巴哈马, 巴拉圭, 巴拿马, 巴西, 百慕大, 玻利维亚, 伯利兹, 多米尼加共和国, 多米尼克, 厄瓜多尔, 哥伦比亚, 哥斯达黎加, 格林纳达, 圭亚那, 洪都拉斯, 开曼群岛, 蒙特塞拉特岛, 秘鲁, 墨西哥, 尼加拉瓜, 萨尔瓦多, 圣基茨岛和尼维斯, 圣卢西亚, 圣文森特和格林纳丁斯, 苏里南, 特克斯和凯科斯群岛, 特立尼达和多巴哥, 危地马拉, 委内瑞拉, 乌拉圭, 牙买加, 英",28.25M,英文,6267,42,28.25,1,0,471.4225962,4.897099628,
1481805325,e物联,e物联,,导航,0,1,维 范,4,"中国, 中国香港, 中国台湾, 美国, 日本, 韩国, 澳大利亚, 加拿大, 阿根廷, 安圭拉, 安提瓜和巴布达, 巴巴多斯, 巴哈马, 巴拉圭, 巴拿马, 巴西, 百慕大, 玻利维亚, 伯利兹, 多米尼加共和国, 多米尼克, 厄瓜多尔, 哥伦比亚, 哥斯达黎加, 格林纳达, 圭亚那, 洪都拉斯, 开曼群岛, 蒙特塞拉特岛, 秘鲁, 墨西哥, 尼加拉瓜, 萨尔瓦多, 圣基茨岛和尼维斯, 圣卢西亚, 圣文森特和格林纳丁斯, 苏里南, 特克斯和凯科斯群岛, 特立尼达和多巴哥, 危地马拉, 委内瑞拉, 乌拉圭",85.51M,"俄文,土耳其文,孟加拉文,德文,意大利文,日文,法文,波斯文,泰文,简体中文,繁体中文,英文,葡萄牙文,西班牙文,越南文,阿拉伯文,韩文,马来文",52596,42,85.51,18,4,137,3.554744526,
1483458803,Aesthetic live wallpaper,Aesthetic live wallpaper,,图形和设计,0,1,Ajay Gorasiya,4,"中国, 中国香港, 中国台湾, 美国, 日本, 韩国, 澳大利亚, 加拿大, 阿根廷, 安圭拉, 安提瓜和巴布达, 巴巴多斯, 巴哈马, 巴拉圭, 巴拿马, 巴西, 百慕大, 玻利维亚, 伯利兹, 多米尼加共和国, 多米尼克, 厄瓜多尔, 哥伦比亚, 哥斯达黎加, 格林纳达, 圭亚那, 洪都拉斯, 开曼群岛, 蒙特塞拉特岛, 秘鲁, 墨西哥, 尼加拉瓜, 萨尔瓦多, 圣基茨岛和尼维斯, 圣卢西亚, 圣文森特和格林纳丁斯, 苏里南, 特克斯和凯科斯群岛, 特立尼达和多巴哥, 危地马拉, 委内瑞拉, 乌拉圭",23.75M,英文,0,42,23.75,1,1,447.0477425,4.804204791,"[['￥12.00', 'Live Wallpaper Premium Version']]"
1484041430,麦迪医加,麦迪医加,,医疗,0,1,北京麦迪卫康医疗科技有限公司,12,"中国, 中国香港, 中国台湾, 美国, 日本, 韩国, 澳大利亚, 加拿大, 阿根廷, 安圭拉, 安提瓜和巴布达, 巴巴多斯, 巴哈马, 巴拉圭, 巴拿马, 巴西, 百慕大, 玻利维亚, 伯利兹, 多米尼加共和国, 多米尼克, 厄瓜多尔, 哥伦比亚, 哥斯达黎加, 格林纳达, 圭亚那, 洪都拉斯, 开曼群岛, 蒙特塞拉特岛, 秘鲁, 墨西哥, 尼加拉瓜, 萨尔瓦多, 圣基茨岛和尼维斯, 圣卢西亚, 圣文森特和格林纳丁斯, 苏里南, 特克斯和凯科斯群岛, 特立尼达和多巴哥, 危地马拉, 委内瑞拉, 乌拉圭",81.41M,英文,6619,42,81.41,1,0,7,5,
1484622601,优e司机聚合版-高德打车免佣联盟核心平台,优e司机聚合版,,导航,0,1,"Xi'an Youyi Zhixing Information Technology Co., Ltd.",4,中国,114.56M,简体中文,12030,1,114.56,1,2,13,3.769230769,
1489119061,港剧屋-人人影视视频播放器,港剧屋,热播香港电视剧更新中,工具,0,0,志 曹,4,"中国, 中国台湾, 日本, 韩国, 澳大利亚, 加拿大, 阿根廷, 安圭拉, 安提瓜和巴布达, 巴巴多斯, 巴哈马, 巴拉圭, 巴拿马, 巴西, 百慕大, 玻利维亚, 伯利兹, 多米尼加共和国, 多米尼克, 厄瓜多尔, 哥伦比亚, 哥斯达黎加, 格林纳达, 圭亚那, 洪都拉斯, 开曼群岛, 蒙特塞拉特岛, 秘鲁, 墨西哥, 尼加拉瓜, 萨尔瓦多, 圣基茨岛和尼维斯, 圣卢西亚, 圣文森特和格林纳丁斯, 苏里南, 特克斯和凯科斯群岛, 特立尼达和多巴哥, 危地马拉, 委内瑞拉, 乌拉圭, 牙买加, 英属维",14.08M,简体中文,439745,42,14.08,1,5,27739,4.74256462,"[['￥6.00', '7天VIP会员'], ['￥18.00', '30天VIP会员'], ['￥30.00', '90天VIP会员'], ['￥1.00', '请我吃鸡腿'], ['￥208.00', '终身会员'], ['￥60.00', '180天VIP会员'], ['￥108.00', '360天VIP会员']]"
282614216,eBay marketplace - Buy & save,eBay marketplace,,购物,0,0,eBay Inc.,12,"中国, 中国香港, 中国台湾, 美国, 日本, 韩国, 澳大利亚, 加拿大, 阿根廷, 安圭拉, 安提瓜和巴布达, 巴巴多斯, 巴哈马, 巴拉圭, 巴拿马, 巴西, 百慕大, 玻利维亚, 伯利兹, 多米尼加共和国, 多米尼克, 厄瓜多尔, 哥伦比亚, 哥斯达黎加, 格林纳达, 圭亚那, 洪都拉斯, 开曼群岛, 蒙特塞拉特岛, 秘鲁, 墨西哥, 尼加拉瓜, 萨尔瓦多, 圣基茨岛和尼维斯, 圣卢西亚, 圣文森特和格林纳丁斯, 苏里南, 特克斯和凯科斯群岛, 特立尼达和多巴哥, 危地马拉, 委内瑞拉, 乌拉圭",130.13M,"俄文,德文,意大利文,法文,波兰文,简体中文,繁体中文,英文,荷兰文,葡萄牙文,西班牙文",312478,42,130.13,11,0,5317,4.628926086,
407779747,BBC Good Food Magazine,BBC Good Food Magazine,,美食佳饮,0,0,Immediate Media Company Limited,17,"中国, 中国香港, 中国台湾, 美国, 日本, 韩国, 澳大利亚, 加拿大, 阿根廷, 安圭拉, 安提瓜和巴布达, 巴巴多斯, 巴哈马, 巴拉圭, 巴拿马, 巴西, 百慕大, 玻利维亚, 伯利兹, 多米尼加共和国, 多米尼克, 厄瓜多尔, 哥伦比亚, 哥斯达黎加, 格林纳达, 圭亚那, 洪都拉斯, 开曼群岛, 蒙特塞拉特岛, 秘鲁, 墨西哥, 尼加拉瓜, 萨尔瓦多, 圣基茨岛和尼维斯, 圣卢西亚, 圣文森特和格林纳丁斯, 苏里南, 特克斯和凯科斯群岛, 特立尼达和多巴哥, 危地马拉, 委内瑞拉, 乌拉圭",40.12M,英文,3192,42,40.12,1,25,4,4,"[['￥298.00', '12-Month Subscription'], ['￥38.00', '1-Month Subscription'], ['￥253.00', 'Complete Your Collection'], ['￥0.00', 'How to be a brilliant baker'], ['￥30.00', 'October 2019'], ['￥30.00', 'August 2015'], ['￥30.00', 'January 2017'], ['￥30.00', 'Fe"
1424988812,Coravin Moments,Coravin Moments,,美食佳饮,0,1,Coravin,17,"中国, 中国香港, 中国台湾, 美国, 日本, 澳大利亚, 加拿大, 阿根廷, 巴西, 多米尼加共和国, 墨西哥, 智利, 爱尔兰, 爱沙尼亚, 奥地利, 保加利亚, 比利时, 冰岛, 波兰, 丹麦, 德国, 俄罗斯, 法国, 芬兰, 荷兰, 捷克共和国, 克罗地亚, 拉脱维亚, 立陶宛, 卢森堡, 罗马尼亚, 马其他, 摩尔多瓦共和国, 挪威, 葡萄牙, 瑞典, 瑞士, 塞浦路斯, 斯洛伐克, 斯洛文尼亚, 土耳其, 乌克兰, 希腊, 西班牙, 匈牙利, 意大利, 英国, 中国澳门, 马来西亚, 泰国",164.3M,"德文,意大利文,日文,法文,简体中文,繁体中文,英文,葡萄牙文,西班牙文",387,50,164.3,9,0,598.6424576,4.856804112,
1434081628,GoGo Lodge,GoGo Lodge,北美国家公园木屋预订,旅游,0,0,Lingfan Yan,4,"中国, 中国香港, 中国台湾, 美国, 日本, 韩国, 澳大利亚, 加拿大, 阿根廷, 安圭拉, 安提瓜和巴布达, 巴巴多斯, 巴哈马, 巴拉圭, 巴拿马, 巴西, 百慕大, 玻利维亚, 伯利兹, 多米尼加共和国, 多米尼克, 厄瓜多尔, 哥伦比亚, 哥斯达黎加, 格林纳达, 圭亚那, 洪都拉斯, 开曼群岛, 蒙特塞拉特岛, 秘鲁, 墨西哥, 尼加拉瓜, 萨尔瓦多, 圣基茨岛和尼维斯, 圣卢西亚, 圣文森特和格林纳丁斯, 苏里南, 特克斯和凯科斯群岛, 特立尼达和多巴哥, 危地马拉, 委内瑞拉, 乌拉圭",36.71M,"简体中文,英文",546,42,36.71,2,0,86,5,"[['￥50.00', '1个刷房机器人'], ['￥98.00', '2个刷房机器人'], ['￥138.00', '3个刷房机器人'], ['￥178.00', '4个刷房机器人'], ['￥218.00', '5个刷房机器人']]"
1443043163,edge-潮流购物分享社区,edge,发现每一种风格,体育,0,1,"Hei Shi (Shang Hai) Information Technology Co., Ltd.",9,"中国, 中国香港, 中国台湾, 美国, 日本, 韩国, 澳大利亚, 加拿大, 阿根廷, 安圭拉, 安提瓜和巴布达, 巴巴多斯, 巴哈马, 巴拉圭, 巴拿马, 巴西, 百慕大, 玻利维亚, 伯利兹, 多米尼加共和国, 多米尼克, 厄瓜多尔, 哥伦比亚, 哥斯达黎加, 格林纳达, 圭亚那, 洪都拉斯, 开曼群岛, 蒙特塞拉特岛, 秘鲁, 墨西哥, 尼加拉瓜, 萨尔瓦多, 圣基茨岛和尼维斯, 圣卢西亚, 圣文森特和格林纳丁斯, 苏里南, 特克斯和凯科斯群岛, 特立尼达和多巴哥, 危地马拉, 委内瑞拉, 乌拉圭",124.64M,英文,387200,42,124.64,1,0,3851,4.659828616,
1446283219,Baby Daybook - 亲宝宝生活记录。育儿软件,Baby Daybook,支持同步功能的婴儿追踪器！,医疗,0,0,BALTAPIS UAB,4,"中国, 中国香港, 中国台湾, 美国, 日本, 韩国, 澳大利亚, 加拿大, 阿根廷, 安圭拉, 安提瓜和巴布达, 巴巴多斯, 巴哈马, 巴拉圭, 巴拿马, 巴西, 百慕大, 玻利维亚, 伯利兹, 多米尼加共和国, 多米尼克, 厄瓜多尔, 哥伦比亚, 哥斯达黎加, 格林纳达, 圭亚那, 洪都拉斯, 开曼群岛, 蒙特塞拉特岛, 秘鲁, 墨西哥, 尼加拉瓜, 萨尔瓦多, 圣基茨岛和尼维斯, 圣卢西亚, 圣文森特和格林纳丁斯, 苏里南, 特克斯和凯科斯群岛, 特立尼达和多巴哥, 危地马拉, 委内瑞拉, 乌拉圭",80.15M,"丹麦文,乌克兰文,亚美尼亚文,俄文,保加利亚文,克罗地亚文,匈牙利文,博克马尔文挪威文,土耳其文,塞尔维亚文,希伯来文,希腊文,德文,意大利文,拉脱维亚文,捷克文,斯洛伐克文,日文,法文,波兰文,泰文,泰米尔文,爱沙尼亚文,瑞典文,立陶宛文,简体中文,繁体中文,罗马尼亚文,芬兰文,英文,荷兰文,葡萄牙文,西班牙文,越南文,阿拉伯文,韩文",141,42,80.15,36,0,5,4,"[['￥73.00', 'Premium Yearly'], ['￥13.00', 'Premium Monthly'], ['￥193.00', 'Premium Lifetime'], ['￥78.00', 'Premium Lifetime (-50%)'], ['￥73.00', 'Premium Yearly (1st year -40%)'], ['￥73.00', 'Premium Yearly'], ['￥18.00', 'Remove ads'], ['￥153.00', 'Premiu"
1446893518,闽南语,闽南语,Hokkien Language,教育,12,0,JUN JIANG,4,"中国, 中国香港, 中国台湾, 美国, 日本, 韩国, 澳大利亚, 加拿大, 阿根廷, 安圭拉, 安提瓜和巴布达, 巴巴多斯, 巴哈马, 巴拉圭, 巴拿马, 巴西, 百慕大, 玻利维亚, 伯利兹, 多米尼加共和国, 多米尼克, 厄瓜多尔, 哥伦比亚, 哥斯达黎加, 格林纳达, 圭亚那, 洪都拉斯, 开曼群岛, 蒙特塞拉特岛, 秘鲁, 墨西哥, 尼加拉瓜, 萨尔瓦多, 圣基茨岛和尼维斯, 圣卢西亚, 圣文森特和格林纳丁斯, 苏里南, 特克斯和凯科斯群岛, 特立尼达和多巴哥, 危地马拉, 委内瑞拉, 乌拉圭",49.55M,英文,284,42,49.55,1,23,1,5,
1446973616,欣易联,欣易联,sinilink,效率,0,1,Jian Wang,17,"中国, 中国香港, 中国台湾, 美国, 日本, 韩国, 澳大利亚, 加拿大, 阿根廷, 安圭拉, 安提瓜和巴布达, 巴巴多斯, 巴哈马, 巴拉圭, 巴拿马, 巴西, 百慕大, 玻利维亚, 伯利兹, 多米尼加共和国, 多米尼克, 厄瓜多尔, 哥伦比亚, 哥斯达黎加, 格林纳达, 圭亚那, 洪都拉斯, 开曼群岛, 蒙特塞拉特岛, 秘鲁, 墨西哥, 尼加拉瓜, 萨尔瓦多, 圣基茨岛和尼维斯, 圣卢西亚, 圣文森特和格林纳丁斯, 苏里南, 特克斯和凯科斯群岛, 特立尼达和多巴哥, 危地马拉, 委内瑞拉, 乌拉圭",39.55M,英文,,42,39.55,1,0,14,4.357142857,
1447639893,提高人生修养必读12本经典书籍,提高人生修养必读12本经典书籍,修养、人生、处世、出世，言人之所以不能言，道人之所未经道。,图书,12,0,先胜 王,4,"中国, 中国香港, 中国台湾, 美国, 日本, 韩国, 澳大利亚, 加拿大, 阿根廷, 安圭拉, 安提瓜和巴布达, 巴巴多斯, 巴哈马, 巴拉圭, 巴拿马, 巴西, 百慕大, 玻利维亚, 伯利兹, 多米尼加共和国, 多米尼克, 厄瓜多尔, 哥伦比亚, 哥斯达黎加, 格林纳达, 圭亚那, 洪都拉斯, 开曼群岛, 蒙特塞拉特岛, 秘鲁, 墨西哥, 尼加拉瓜, 萨尔瓦多, 圣基茨岛和尼维斯, 圣卢西亚, 圣文森特和格林纳丁斯, 苏里南, 特克斯和凯科斯群岛, 特立尼达和多巴哥, 危地马拉, 委内瑞拉, 乌拉圭",5.44M,英文,,42,5.44,1,0,13249.40994,4.772798178,
1449665828,派对神器 - 聚会转盘,派对神器,指尖派对,商务,0,0,"Hongkong Jiayi Technology Co., Limited",17,"中国, 中国香港, 中国台湾, 美国, 日本, 韩国, 澳大利亚, 加拿大, 阿根廷, 安圭拉, 安提瓜和巴布达, 巴巴多斯, 巴哈马, 巴拉圭, 巴拿马, 巴西, 百慕大, 玻利维亚, 伯利兹, 多米尼加共和国, 多米尼克, 厄瓜多尔, 哥伦比亚, 哥斯达黎加, 格林纳达, 圭亚那, 洪都拉斯, 开曼群岛, 蒙特塞拉特岛, 秘鲁, 墨西哥, 尼加拉瓜, 萨尔瓦多, 圣基茨岛和尼维斯, 圣卢西亚, 圣文森特和格林纳丁斯, 苏里南, 特克斯和凯科斯群岛, 特立尼达和多巴哥, 危地马拉, 委内瑞拉, 乌拉圭",271.38M,英文,,42,271.38,1,1,5366,4.495154678,"[['￥168.00', '超级VIP'], ['￥268.00', '无限畅玩']]"
1450521810,春节 - 欢天喜地过大年,春节,,生活,1,0,jianwen zhang,4,"中国, 中国香港, 中国台湾, 美国, 日本, 韩国, 澳大利亚, 加拿大, 阿根廷, 安圭拉, 安提瓜和巴布达, 巴巴多斯, 巴哈马, 巴拉圭, 巴拿马, 巴西, 百慕大, 玻利维亚, 伯利兹, 多米尼加共和国, 多米尼克, 厄瓜多尔, 哥伦比亚, 哥斯达黎加, 格林纳达, 圭亚那, 洪都拉斯, 开曼群岛, 蒙特塞拉特岛, 秘鲁, 墨西哥, 尼加拉瓜, 萨尔瓦多, 圣基茨岛和尼维斯, 圣卢西亚, 圣文森特和格林纳丁斯, 苏里南, 特克斯和凯科斯群岛, 特立尼达和多巴哥, 危地马拉, 委内瑞拉, 乌拉圭",9.55M,"乌克兰文,俄文,德文,意大利文,日文,法文,波兰文,简体中文,繁体中文,英文,西班牙文,韩文",,42,9.55,12,4,6,4.333333333,
1451492388,Bolt Food,Bolt Food,,美食佳饮,0,1,BOLT TECHNOLOGY OU,4,"中国, 中国香港, 中国台湾, 美国, 日本, 韩国, 澳大利亚, 加拿大, 阿根廷, 安圭拉, 安提瓜和巴布达, 巴巴多斯, 巴哈马, 巴拉圭, 巴拿马, 巴西, 百慕大, 玻利维亚, 伯利兹, 多米尼加共和国, 多米尼克, 厄瓜多尔, 哥伦比亚, 哥斯达黎加, 格林纳达, 圭亚那, 洪都拉斯, 开曼群岛, 蒙特塞拉特岛, 秘鲁, 墨西哥, 尼加拉瓜, 萨尔瓦多, 圣基茨岛和尼维斯, 圣卢西亚, 圣文森特和格林纳丁斯, 苏里南, 特克斯和凯科斯群岛, 特立尼达和多巴哥, 危地马拉, 委内瑞拉, 乌拉圭",61.34M,"丹麦文,乌克兰文,俄文,克罗地亚文,匈牙利文,希腊文,拉脱维亚文,捷克文,斯洛伐克文,格鲁吉亚文,波兰文,爱沙尼亚文,瑞典文,立陶宛文,罗马尼亚文,英文,葡萄牙文,阿塞拜疆文",,42,61.34,18,1,4,4.75,
1453463589,精美四库全书,精美四库全书,"四库全书, 国学古籍经典, 传统中国文化的瑰宝",教育,1,1,li qiang,4,"中国, 中国香港, 中国台湾, 美国, 日本, 韩国, 澳大利亚, 加拿大, 阿根廷, 安圭拉, 安提瓜和巴布达, 巴巴多斯, 巴哈马, 巴拉圭, 巴拿马, 巴西, 百慕大, 玻利维亚, 伯利兹, 多米尼加共和国, 多米尼克, 厄瓜多尔, 哥伦比亚, 哥斯达黎加, 格林纳达, 圭亚那, 洪都拉斯, 开曼群岛, 蒙特塞拉特岛, 秘鲁, 墨西哥, 尼加拉瓜, 萨尔瓦多, 圣基茨岛和尼维斯, 圣卢西亚, 圣文森特和格林纳丁斯, 苏里南, 特克斯和凯科斯群岛, 特立尼达和多巴哥, 危地马拉, 委内瑞拉, 乌拉圭",83.32M,英文,,42,83.32,1,0,7,4.142857143,
1454075190,电话弹幕-vlog语音转换文字,电话弹幕,爱字幕字说美册制作,摄影与录像,0,0,修远 李,4,"中国, 美国, 日本, 韩国, 澳大利亚, 加拿大, 阿根廷, 安圭拉, 安提瓜和巴布达, 巴巴多斯, 巴哈马, 巴拉圭, 巴拿马, 巴西, 百慕大, 玻利维亚, 伯利兹, 多米尼加共和国, 多米尼克, 厄瓜多尔, 哥伦比亚, 哥斯达黎加, 格林纳达, 圭亚那, 洪都拉斯, 开曼群岛, 蒙特塞拉特岛, 秘鲁, 墨西哥, 尼加拉瓜, 萨尔瓦多, 圣基茨岛和尼维斯, 圣卢西亚, 圣文森特和格林纳丁斯, 苏里南, 特克斯和凯科斯群岛, 特立尼达和多巴哥, 危地马拉, 委内瑞拉, 乌拉圭, 牙买加, 英属维尔京",110.97M,"丹麦文,俄文,匈牙利文,印度尼西亚文,土耳其文,德文,意大利文,日文,法文,波兰文,简体中文,繁体中文,罗马尼亚文,英文,荷兰文,葡萄牙文,西班牙文,越南文,阿拉伯文,韩文,马来文",,42,110.97,21,1,61,4.262295082,"[['￥22.00', '专业版月会员'], ['￥198.00', '专业版年会员']]"
1454194198,跆拳道在家训练 - 学习跆拳道，武术，自卫,跆拳道在家训练,20分钟跆拳道训练，在家就能练，提高力量和腿部灵活度,健康健美,0,0,Khoa Nguyen,4,"中国, 中国香港, 中国台湾, 美国, 日本, 韩国, 澳大利亚, 加拿大, 阿根廷, 安圭拉, 安提瓜和巴布达, 巴巴多斯, 巴哈马, 巴拉圭, 巴拿马, 巴西, 百慕大, 玻利维亚, 伯利兹, 多米尼加共和国, 多米尼克, 厄瓜多尔, 哥伦比亚, 哥斯达黎加, 格林纳达, 圭亚那, 洪都拉斯, 开曼群岛, 蒙特塞拉特岛, 秘鲁, 墨西哥, 尼加拉瓜, 萨尔瓦多, 圣基茨岛和尼维斯, 圣卢西亚, 圣文森特和格林纳丁斯, 苏里南, 特克斯和凯科斯群岛, 特立尼达和多巴哥, 危地马拉, 委内瑞拉, 乌拉圭",176.1M,英文,,42,176.1,1,4,9,4.111111111,"[['￥68.00', 'Monthly Subscription'], ['￥518.00', 'Lifetime Access - Pay once'], ['￥408.00', 'Yearly Subscription']]"
1454206980,智考题库,智考题库,服务于大学和职业考试的智能题库,教育,0,1,彬 高,17,"中国, 中国香港, 中国台湾, 美国, 日本, 韩国, 澳大利亚, 加拿大, 阿根廷, 安圭拉, 安提瓜和巴布达, 巴巴多斯, 巴哈马, 巴拉圭, 巴拿马, 巴西, 百慕大, 玻利维亚, 伯利兹, 多米尼加共和国, 多米尼克, 厄瓜多尔, 哥伦比亚, 哥斯达黎加, 格林纳达, 圭亚那, 洪都拉斯, 开曼群岛, 蒙特塞拉特岛, 秘鲁, 墨西哥, 尼加拉瓜, 萨尔瓦多, 圣基茨岛和尼维斯, 圣卢西亚, 圣文森特和格林纳丁斯, 苏里南, 特克斯和凯科斯群岛, 特立尼达和多巴哥, 危地马拉, 委内瑞拉, 乌拉圭",11.26M,简体中文,,42,11.26,1,0,23,3.782608696,"[['￥60.00', '安全员C2证'], ['￥60.00', '安全员A证'], ['￥60.00', '江苏专业监理工程师'], ['￥60.00', '安全员C证'], ['￥60.00', '安全员C1证'], ['￥60.00', '安全员C证'], ['￥60.00', '安全员A证'], ['￥60.00', '江苏监理员'], ['￥60.00', '安全员B证'], ['￥60.00', '广东安全员A证']]"
1454219307,FIMO - 复古胶片相机,FIMO,还原真实胶卷体验,摄影与录像,0,1,JUSTMAE Technology PTE. LTD,4,"中国, 中国香港, 中国台湾, 美国, 日本, 韩国, 澳大利亚, 加拿大, 阿根廷, 安圭拉, 安提瓜和巴布达, 巴巴多斯, 巴哈马, 巴拉圭, 巴拿马, 巴西, 百慕大, 玻利维亚, 伯利兹, 多米尼加共和国, 多米尼克, 厄瓜多尔, 哥伦比亚, 哥斯达黎加, 格林纳达, 圭亚那, 洪都拉斯, 开曼群岛, 蒙特塞拉特岛, 秘鲁, 墨西哥, 尼加拉瓜, 萨尔瓦多, 圣基茨岛和尼维斯, 圣卢西亚, 圣文森特和格林纳丁斯, 苏里南, 特克斯和凯科斯群岛, 特立尼达和多巴哥, 危地马拉, 委内瑞拉, 乌拉圭",386.72M,"简体中文,英文",,42,386.72,2,1,2327,4.547056296,"[['￥0.00', 'GOLD 200'], ['￥0.00', 'Morandi200'], ['￥0.00', 'X-Mas 25T'], ['￥0.00', 'Aesthetic 400'], ['￥0.00', 'Yummy 100'], ['￥0.00', 'New Year 2020'], ['￥0.00', 'Joey 100T'], ['￥0.00', 'X-Red 50'], ['￥0.00', 'IF PAN100'], ['￥1.00', 'Natura 1600']]"
1454663939,明日方舟,明日方舟,魔物们的现代战争,游戏,0,0,"Shanghai Hypergryph Network Technology Co., Ltd.",12,中国,1838.76M,英文,,1,1838.76,1,0,136003,4.521569377,"[['￥30.00', '月卡'], ['￥6.00', '新人组合包'], ['￥648.00', '开采一箱源石'], ['￥30.00', '开采一组源石'], ['￥6.00', '开采源石'], ['￥98.00', '开采一堆源石'], ['￥128.00', '新人寻访组合包'], ['￥198.00', '开采一袋源石'], ['￥328.00', '开采一盒源石'], ['￥68.00', '新人养成组合包']]"
1461702555,加油河南―专注于人・车・生活,加油河南,,生活,0,1,sunboxsoft Inc.,17,"中国, 中国香港, 中国台湾, 美国, 中国澳门",124.09M,简体中文,,5,124.09,1,2,427,4.229508197,
1462619359,遥望-热门美图壁纸社区,遥望,高清图片头像大全,社交,0,1,北京鲸榄网络科技有限公司,17,"中国, 中国香港, 中国台湾, 美国, 日本, 澳大利亚, 加拿大, 阿根廷, 安圭拉, 安提瓜和巴布达, 巴巴多斯, 巴哈马, 巴拉圭, 巴拿马, 百慕大, 玻利维亚, 伯利兹, 多米尼加共和国, 多米尼克, 厄瓜多尔, 哥伦比亚, 哥斯达黎加, 格林纳达, 圭亚那, 洪都拉斯, 开曼群岛, 蒙特塞拉特岛, 秘鲁, 墨西哥, 尼加拉瓜, 萨尔瓦多, 圣基茨岛和尼维斯, 圣卢西亚, 圣文森特和格林纳丁斯, 苏里南, 特克斯和凯科斯群岛, 特立尼达和多巴哥, 危地马拉, 委内瑞拉, 乌拉圭, 牙买加, 英",157.14M,简体中文,,42,157.14,1,0,2201,4.908223535,
1462989775,人体组织学彩色图谱,人体组织学彩色图谱,高清的中英文标注图谱,医疗,45,0,敏 刘,17,"中国, 中国香港, 中国台湾, 美国, 日本, 韩国, 澳大利亚, 加拿大, 阿根廷, 安圭拉, 安提瓜和巴布达, 巴巴多斯, 巴哈马, 巴拉圭, 巴拿马, 巴西, 百慕大, 玻利维亚, 伯利兹, 多米尼加共和国, 多米尼克, 厄瓜多尔, 哥伦比亚, 哥斯达黎加, 格林纳达, 圭亚那, 洪都拉斯, 开曼群岛, 蒙特塞拉特岛, 秘鲁, 墨西哥, 尼加拉瓜, 萨尔瓦多, 圣基茨岛和尼维斯, 圣卢西亚, 圣文森特和格林纳丁斯, 苏里南, 特克斯和凯科斯群岛, 特立尼达和多巴哥, 危地马拉, 委内瑞拉, 乌拉圭",57.99M,"简体中文,英文",,42,57.99,2,4,2577.70625,4.928223493,
1463265277,转声道助手,转声道助手,,工具,0,1,南京黑侠网络科技有限公司,4,"中国, 中国香港, 中国台湾, 美国, 日本, 韩国, 澳大利亚, 加拿大, 阿根廷, 安圭拉, 安提瓜和巴布达, 巴巴多斯, 巴哈马, 巴拉圭, 巴拿马, 巴西, 百慕大, 玻利维亚, 伯利兹, 多米尼加共和国, 多米尼克, 厄瓜多尔, 哥伦比亚, 哥斯达黎加, 格林纳达, 圭亚那, 洪都拉斯, 开曼群岛, 蒙特塞拉特岛, 秘鲁, 墨西哥, 尼加拉瓜, 萨尔瓦多, 圣基茨岛和尼维斯, 圣卢西亚, 圣文森特和格林纳丁斯, 苏里南, 特克斯和凯科斯群岛, 特立尼达和多巴哥, 危地马拉, 委内瑞拉, 乌拉圭",7.89M,英文,,42,7.89,1,0,428,3.471962617,"[['￥30.00', '30天'], ['￥18.00', '7天'], ['￥78.00', '90天'], ['￥198.00', '360天']]"
1464883186,香港一卡通,香港一卡通,招商银行香港分行官方App,财务,0,1,招商银行,4,"中国, 中国香港, 中国台湾, 中国澳门",114.29M,"简体中文,英文",,4,114.29,2,4,194,3.231958763,
1472969801,西班牙语英语双语图解词典,西班牙语英语双语图解词典,查词学词翻译工具,导航,12,0,xudong he,4,"中国, 中国香港, 中国台湾, 美国, 日本, 韩国, 澳大利亚, 加拿大, 阿根廷, 安圭拉, 安提瓜和巴布达, 巴巴多斯, 巴哈马, 巴拉圭, 巴拿马, 巴西, 百慕大, 玻利维亚, 伯利兹, 多米尼加共和国, 多米尼克, 厄瓜多尔, 哥伦比亚, 哥斯达黎加, 格林纳达, 圭亚那, 洪都拉斯, 开曼群岛, 蒙特塞拉特岛, 秘鲁, 墨西哥, 尼加拉瓜, 萨尔瓦多, 圣基茨岛和尼维斯, 圣卢西亚, 圣文森特和格林纳丁斯, 苏里南, 特克斯和凯科斯群岛, 特立尼达和多巴哥, 危地马拉, 委内瑞拉, 乌拉圭",149.22M,"丹麦文,乌克兰文,俄文,克罗地亚文,加泰罗尼亚文,匈牙利文,博克马尔文挪威文,印度尼西亚文,土耳其文,希伯来文,希腊文,德文,意大利文,捷克文,斯洛伐克文,日文,法文,波兰文,泰文,瑞典文,简体中文,繁体中文,罗马尼亚文,芬兰文,英文,荷兰文,葡萄牙文,西班牙文,越南文,阿拉伯文,韩文,马来文",,42,149.22,32,63,1243.215116,4.880481497,
1474037243,通易付,通易付,,财务,0,1,"Allinpay Network Services Co.,Ltd",4,"中国, 中国香港, 中国台湾, 美国, 日本, 韩国, 澳大利亚, 加拿大, 阿根廷, 安圭拉, 安提瓜和巴布达, 巴巴多斯, 巴哈马, 巴拉圭, 巴拿马, 巴西, 百慕大, 玻利维亚, 伯利兹, 多米尼加共和国, 多米尼克, 厄瓜多尔, 哥伦比亚, 哥斯达黎加, 格林纳达, 圭亚那, 洪都拉斯, 开曼群岛, 蒙特塞拉特岛, 秘鲁, 墨西哥, 尼加拉瓜, 萨尔瓦多, 圣基茨岛和尼维斯, 圣卢西亚, 圣文森特和格林纳丁斯, 苏里南, 特克斯和凯科斯群岛, 特立尼达和多巴哥, 危地马拉, 委内瑞拉, 乌拉圭",36.77M,"简体中文,英文",,42,36.77,2,2,378,3.645502646,
1474318687,春藤家长,春藤家长,家长有规划 孩子有未来,教育,0,1,未来春藤,4,"中国, 中国香港, 中国台湾, 美国, 日本, 韩国, 澳大利亚, 加拿大, 阿根廷, 安圭拉, 安提瓜和巴布达, 巴巴多斯, 巴哈马, 巴拉圭, 巴拿马, 巴西, 百慕大, 玻利维亚, 伯利兹, 多米尼加共和国, 多米尼克, 厄瓜多尔, 哥伦比亚, 哥斯达黎加, 格林纳达, 圭亚那, 洪都拉斯, 开曼群岛, 蒙特塞拉特岛, 秘鲁, 墨西哥, 尼加拉瓜, 萨尔瓦多, 圣基茨岛和尼维斯, 圣卢西亚, 圣文森特和格林纳丁斯, 苏里南, 特克斯和凯科斯群岛, 特立尼达和多巴哥, 危地马拉, 委内瑞拉, 乌拉圭",181.02M,简体中文,,42,181.02,1,0,92,4.510869565,"[['￥388.00', '春藤家长学院一年期VIP资格']]"
1476696455,疯狂红单社区-足球篮球数据情报分析平台,疯狂红单社区,看一单红一单，一直红单一直疯狂,社交,0,1,小马快跑体育科技,9,"中国, 中国香港, 中国台湾, 美国, 日本, 韩国, 澳大利亚, 加拿大, 阿根廷, 安圭拉, 安提瓜和巴布达, 巴巴多斯, 巴哈马, 巴拉圭, 巴拿马, 巴西, 百慕大, 玻利维亚, 伯利兹, 多米尼加共和国, 多米尼克, 厄瓜多尔, 哥伦比亚, 哥斯达黎加, 格林纳达, 圭亚那, 洪都拉斯, 开曼群岛, 蒙特塞拉特岛, 秘鲁, 墨西哥, 尼加拉瓜, 萨尔瓦多, 圣基茨岛和尼维斯, 圣卢西亚, 圣文森特和格林纳丁斯, 苏里南, 特克斯和凯科斯群岛, 特立尼达和多巴哥, 危地马拉, 委内瑞拉, 乌拉圭",75.98M,简体中文,,42,75.98,1,0,2362,4.99322608,"[['￥188.00', '球币'], ['￥50.00', '球币'], ['￥98.00', '球币'], ['￥588.00', '球币'], ['￥388.00', '球币'], ['￥158.00', '单月会员服务'], ['￥298.00', '球币'], ['￥388.00', '3个月会员服务']]"
1477993614,场记板-专业导演板拍打板摄影道具,场记板,"专业电子场记板,打板时自动提高设备音量",参考资料,6,0,星宇 罗,4,"中国, 中国香港, 中国台湾, 美国, 日本, 韩国, 澳大利亚, 加拿大, 阿根廷, 安圭拉, 安提瓜和巴布达, 巴巴多斯, 巴哈马, 巴拉圭, 巴拿马, 巴西, 百慕大, 玻利维亚, 伯利兹, 多米尼加共和国, 多米尼克, 厄瓜多尔, 哥伦比亚, 哥斯达黎加, 格林纳达, 圭亚那, 洪都拉斯, 开曼群岛, 蒙特塞拉特岛, 秘鲁, 墨西哥, 尼加拉瓜, 萨尔瓦多, 圣基茨岛和尼维斯, 圣卢西亚, 圣文森特和格林纳丁斯, 苏里南, 特克斯和凯科斯群岛, 特立尼达和多巴哥, 危地马拉, 委内瑞拉, 乌拉圭",10.39M,"简体中文,繁体中文,英文",2602,42,10.39,3,5,62,4.967741935,
1478076915,徐州地铁-扫码乘车便捷出行,徐州地铁,为乘客提供智慧交通服务,生活,0,1,徐州市城市轨道交通有限责任公司,4,"中国, 中国香港, 中国台湾, 中国澳门",36.31M,简体中文,502137,4,36.31,1,0,425,3.858823529,
1478595616,成人之美 -附近交友同城约会恋爱社区,成人之美,真实靠谱的婚恋交友社区,社交,0,1,"Guangzhou YueLao Technology Co., Ltd.",17,"中国, 中国香港, 中国台湾, 美国, 日本, 韩国, 澳大利亚, 加拿大, 阿根廷, 安圭拉, 安提瓜和巴布达, 巴巴多斯, 巴哈马, 巴拉圭, 巴拿马, 巴西, 百慕大, 玻利维亚, 伯利兹, 多米尼加共和国, 多米尼克, 厄瓜多尔, 哥伦比亚, 哥斯达黎加, 格林纳达, 圭亚那, 洪都拉斯, 开曼群岛, 蒙特塞拉特岛, 秘鲁, 墨西哥, 尼加拉瓜, 萨尔瓦多, 圣基茨岛和尼维斯, 圣卢西亚, 圣文森特和格林纳丁斯, 苏里南, 特克斯和凯科斯群岛, 特立尼达和多巴哥, 危地马拉, 委内瑞拉, 乌拉圭",66.11M,简体中文,24400,42,66.11,1,0,9259,4.993519819,"[['￥18.00', '嘉宾认证费'], ['￥30.00', '认证费原价'], ['￥388.00', '钻石VIP会员'], ['￥138.00', '黄金VIP会员'], ['￥288.00', '铂金VIP会员']]"
1478646493,PUMA MEETINGS,PUMA MEETINGS,,体育,0,1,PUMA AG,17,"中国, 中国香港, 中国台湾, 美国, 日本, 澳大利亚, 加拿大, 阿根廷, 安圭拉, 安提瓜和巴布达, 巴巴多斯, 巴哈马, 巴拉圭, 巴拿马, 百慕大, 玻利维亚, 伯利兹, 多米尼加共和国, 多米尼克, 厄瓜多尔, 哥伦比亚, 哥斯达黎加, 格林纳达, 圭亚那, 洪都拉斯, 开曼群岛, 蒙特塞拉特岛, 秘鲁, 墨西哥, 尼加拉瓜, 萨尔瓦多, 圣基茨岛和尼维斯, 圣卢西亚, 圣文森特和格林纳丁斯, 苏里南, 特克斯和凯科斯群岛, 特立尼达和多巴哥, 危地马拉, 委内瑞拉, 乌拉圭, 牙买加, 英",175.45M,英文,9653,42,175.45,1,1,1105.338935,4.916641537,
1479375088,为你朗读国学-听书读书讲故事软件,为你朗读国学,经典古诗词专业主持人配音朗读,参考资料,0,0,Soofun Games,4,"中国, 中国香港, 中国台湾, 美国, 日本, 韩国, 澳大利亚, 加拿大, 阿根廷, 安圭拉, 安提瓜和巴布达, 巴巴多斯, 巴哈马, 巴拉圭, 巴拿马, 巴西, 百慕大, 玻利维亚, 伯利兹, 多米尼加共和国, 多米尼克, 厄瓜多尔, 哥伦比亚, 哥斯达黎加, 格林纳达, 圭亚那, 洪都拉斯, 开曼群岛, 蒙特塞拉特岛, 秘鲁, 墨西哥, 尼加拉瓜, 萨尔瓦多, 圣基茨岛和尼维斯, 圣卢西亚, 圣文森特和格林纳丁斯, 苏里南, 特克斯和凯科斯群岛, 特立尼达和多巴哥, 危地马拉, 委内瑞拉, 乌拉圭",63.44M,英文,49993,42,63.44,1,4,23434,4.993172314,"[['￥6.00', '购买去除应用内广告功能']]"
1479666312,镇村通门店版,镇村通门店版,,购物,0,1,天津汇商共达,17,中国,271.14M,"丹麦文,简体中文,英文",38163,1,271.14,3,0,29,2.827586207,
1479796969,交小星,交小星,上海交大社K12内容门户,图书,0,0,上海交通大学出版社有限公司,4,"中国, 中国香港, 中国台湾, 美国, 日本, 韩国, 澳大利亚, 加拿大, 阿根廷, 安圭拉, 安提瓜和巴布达, 巴巴多斯, 巴哈马, 巴拉圭, 巴拿马, 巴西, 百慕大, 玻利维亚, 伯利兹, 多米尼加共和国, 多米尼克, 厄瓜多尔, 哥伦比亚, 哥斯达黎加, 格林纳达, 圭亚那, 洪都拉斯, 开曼群岛, 蒙特塞拉特岛, 秘鲁, 墨西哥, 尼加拉瓜, 萨尔瓦多, 圣基茨岛和尼维斯, 圣卢西亚, 圣文森特和格林纳丁斯, 苏里南, 特克斯和凯科斯群岛, 特立尼达和多巴哥, 危地马拉, 委内瑞拉, 乌拉圭",66.17M,简体中文,8389,42,66.17,1,1,12,4,"[['￥25.00', '25阅读币'], ['￥6.00', '6阅读币'], ['￥18.00', '18阅读币'], ['￥12.00', '12阅读币'], ['￥50.00', '50阅读币'], ['￥108.00', '108阅读币'], ['￥198.00', '198阅读币'], ['￥588.00', '588阅读币']]"
1481441465,探蜜-高端一对一视频聊天约会软件,探蜜,你探我深浅，我探你长短,社交,0,1,"Haerbin Brilliant Mutual Entertainment Technology Co., Ltd.",17,"中国, 中国香港, 中国台湾, 日本, 韩国, 澳大利亚, 阿根廷, 安圭拉, 安提瓜和巴布达, 巴巴多斯, 巴哈马, 巴拉圭, 巴拿马, 巴西, 百慕大, 玻利维亚, 伯利兹, 多米尼加共和国, 多米尼克, 厄瓜多尔, 哥伦比亚, 哥斯达黎加, 格林纳达, 圭亚那, 洪都拉斯, 开曼群岛, 蒙特塞拉特岛, 秘鲁, 墨西哥, 尼加拉瓜, 萨尔瓦多, 圣基茨岛和尼维斯, 圣卢西亚, 圣文森特和格林纳丁斯, 苏里南, 特克斯和凯科斯群岛, 特立尼达和多巴哥, 危地马拉, 委内瑞拉, 乌拉圭, 牙买加, 英属",89.58M,"简体中文,英文",14065,42,89.58,2,0,1270,4.996850394,"[['￥15.00', '会员-一个月'], ['￥30.00', '21钻石'], ['￥30.00', '超级会员-一个月'], ['￥78.00', '55钻石'], ['￥108.00', '76钻石'], ['￥78.00', '超级会员-三个月'], ['￥388.00', '272钻石'], ['￥588.00', '412钻石'], ['￥1,298.00', '909钻石'], ['￥38.00', '会员-三个月']]"
1481932361,书聊 ・ BookChat,书聊 ・ BookChat,编程学习，触手可及,图书,0,0,崇福 黄,4,"中国, 中国香港, 中国台湾, 美国, 日本, 韩国, 澳大利亚, 加拿大, 阿根廷, 安圭拉, 安提瓜和巴布达, 巴巴多斯, 巴哈马, 巴拉圭, 巴拿马, 巴西, 百慕大, 玻利维亚, 伯利兹, 多米尼加共和国, 多米尼克, 厄瓜多尔, 哥伦比亚, 哥斯达黎加, 格林纳达, 圭亚那, 洪都拉斯, 开曼群岛, 蒙特塞拉特岛, 秘鲁, 墨西哥, 尼加拉瓜, 萨尔瓦多, 圣基茨岛和尼维斯, 圣卢西亚, 圣文森特和格林纳丁斯, 苏里南, 特克斯和凯科斯群岛, 特立尼达和多巴哥, 危地马拉, 委内瑞拉, 乌拉圭",23.58M,"简体中文,英文",23550,42,23.58,2,0,52,5,
1483762089,我的字体 - 字体安装 for 13+,我的字体,专为13+系统设计，一键安装字体,效率,0,0,Sujuan Chen,4,"中国, 中国香港, 中国台湾, 美国, 日本, 韩国, 澳大利亚, 加拿大, 阿根廷, 安圭拉, 安提瓜和巴布达, 巴巴多斯, 巴哈马, 巴拉圭, 巴拿马, 巴西, 百慕大, 玻利维亚, 伯利兹, 多米尼加共和国, 多米尼克, 厄瓜多尔, 哥伦比亚, 哥斯达黎加, 格林纳达, 圭亚那, 洪都拉斯, 开曼群岛, 蒙特塞拉特岛, 秘鲁, 墨西哥, 尼加拉瓜, 萨尔瓦多, 圣基茨岛和尼维斯, 圣卢西亚, 圣文森特和格林纳丁斯, 苏里南, 特克斯和凯科斯群岛, 特立尼达和多巴哥, 危地马拉, 委内瑞拉, 乌拉圭",23.28M,"日文,简体中文,繁体中文,英文",130262,42,23.28,4,5,6152,4.372724317,"[['￥12.00', '移除广告']]"
287657331,Oscillator,Oscillator,,音乐,6,0,Masayuki Akamatsu,4,"中国, 中国香港, 中国台湾, 美国, 日本, 韩国, 澳大利亚, 加拿大, 阿根廷, 安圭拉, 安提瓜和巴布达, 巴巴多斯, 巴哈马, 巴拉圭, 巴拿马, 巴西, 百慕大, 玻利维亚, 伯利兹, 多米尼加共和国, 多米尼克, 厄瓜多尔, 哥伦比亚, 哥斯达黎加, 格林纳达, 圭亚那, 洪都拉斯, 开曼群岛, 蒙特塞拉特岛, 秘鲁, 墨西哥, 尼加拉瓜, 萨尔瓦多, 圣基茨岛和尼维斯, 圣卢西亚, 圣文森特和格林纳丁斯, 苏里南, 特克斯和凯科斯群岛, 特立尼达和多巴哥, 危地马拉, 委内瑞拉, 乌拉圭",10.85M,英文,1488,42,10.85,1,3,1333.970414,4.836893023,
288460603,LockBox Pro,LockBox Pro,,效率,18,1,GEE! Technologies,4,"中国, 中国香港, 中国台湾, 美国, 日本, 韩国, 澳大利亚, 加拿大, 阿根廷, 安圭拉, 安提瓜和巴布达, 巴巴多斯, 巴哈马, 巴拉圭, 巴拿马, 巴西, 百慕大, 玻利维亚, 伯利兹, 多米尼加共和国, 多米尼克, 厄瓜多尔, 哥伦比亚, 哥斯达黎加, 格林纳达, 圭亚那, 洪都拉斯, 开曼群岛, 蒙特塞拉特岛, 秘鲁, 墨西哥, 尼加拉瓜, 萨尔瓦多, 圣基茨岛和尼维斯, 圣卢西亚, 圣文森特和格林纳丁斯, 苏里南, 特克斯和凯科斯群岛, 特立尼达和多巴哥, 危地马拉, 委内瑞拉, 乌拉圭",2M,英文,3947,42,2,1,0,5441.702929,4.805455621,
1437740713,一零零一 C 故事还能这样玩,一零零一,属于你的一千零一夜,图书,0,1,Tencent Technology (Shenzhen) Company Limited,4,中国,107.17M,英文,389921,1,107.17,1,53,1849,4.438074635,"[['￥12.00', '钻石'], ['￥98.00', '钻石'], ['￥3.00', '钻石'], ['￥30.00', '钻石'], ['￥50.00', '钻石'], ['￥18.00', '钻石'], ['￥1.00', '新人破冰礼包'], ['￥6.00', '钻石'], ['￥25.00', '钻石'], ['￥6.00', '钻石']]"
1441599238,做饭游戏大全: 美人鱼独角兽厨师,做饭游戏大全,女生游戏: 做饭美食烹饪类小游戏大全,娱乐,0,0,Shake It,4,"中国, 中国香港, 中国台湾, 美国, 日本, 韩国, 澳大利亚, 加拿大, 阿根廷, 安圭拉, 安提瓜和巴布达, 巴巴多斯, 巴哈马, 巴拉圭, 巴拿马, 巴西, 百慕大, 玻利维亚, 伯利兹, 多米尼加共和国, 多米尼克, 厄瓜多尔, 哥伦比亚, 哥斯达黎加, 格林纳达, 圭亚那, 洪都拉斯, 开曼群岛, 蒙特塞拉特岛, 秘鲁, 墨西哥, 尼加拉瓜, 萨尔瓦多, 圣基茨岛和尼维斯, 圣卢西亚, 圣文森特和格林纳丁斯, 苏里南, 特克斯和凯科斯群岛, 特立尼达和多巴哥, 危地马拉, 委内瑞拉, 乌拉圭",133.75M,"丹麦文,俄文,博克马尔文挪威文,印度尼西亚文,土耳其文,希腊文,德文,意大利文,日文,法文,泰文,瑞典文,简体中文,繁体中文,芬兰文,英文,荷兰文,葡萄牙文,西班牙文,越南文,韩文,马来文",154771,42,133.75,22,11,9592,4.628023353,"[['￥68.00', '美人鱼独角兽厨师完整无广告版订阅一周'], ['￥14.00', '美人鱼厨师完整版订阅一周'], ['￥168.00', '美人鱼厨师完整版订阅半年'], ['￥7.00', '做饭游戏'], ['￥35.00', '美人鱼厨师完整版订阅一个月'], ['￥35.00', '做饭游戏!']]"
1445614297,Low FODMAP diet foods for IBS,Low FODMAP diet foods for IBS,,美食佳饮,0,0,Leonid Grebenyuk,4,"中国, 中国香港, 中国台湾, 美国, 日本, 韩国, 加拿大, 阿根廷, 安圭拉, 安提瓜和巴布达, 巴巴多斯, 巴哈马, 巴拉圭, 巴拿马, 巴西, 百慕大, 玻利维亚, 伯利兹, 多米尼加共和国, 多米尼克, 厄瓜多尔, 哥伦比亚, 哥斯达黎加, 格林纳达, 圭亚那, 洪都拉斯, 开曼群岛, 蒙特塞拉特岛, 秘鲁, 墨西哥, 尼加拉瓜, 萨尔瓦多, 圣基茨岛和尼维斯, 圣卢西亚, 圣文森特和格林纳丁斯, 苏里南, 特克斯和凯科斯群岛, 特立尼达和多巴哥, 危地马拉, 委内瑞拉, 乌拉圭, 牙买加,",29.24M,"俄文,德文,法文,英文,西班牙文",549,43,29.24,5,0,602.7996969,4.856804112,"[['￥8.00', 'Access to Analysis'], ['￥40.00', 'Personal Diet Analysis'], ['￥35.00', 'Access to Analysis'], ['￥7.00', 'Full Access For One Month'], ['￥35.00', 'Full Access For One Year']]"
1446177109,Chord ai,Chord ai,,音乐,0,0,Nomad AI OU,17,"中国, 中国香港, 中国台湾, 美国, 日本, 韩国, 澳大利亚, 加拿大, 阿根廷, 安圭拉, 安提瓜和巴布达, 巴巴多斯, 巴哈马, 巴拉圭, 巴拿马, 巴西, 百慕大, 玻利维亚, 伯利兹, 多米尼加共和国, 多米尼克, 厄瓜多尔, 哥伦比亚, 哥斯达黎加, 格林纳达, 圭亚那, 洪都拉斯, 开曼群岛, 蒙特塞拉特岛, 秘鲁, 墨西哥, 尼加拉瓜, 萨尔瓦多, 圣基茨岛和尼维斯, 圣卢西亚, 圣文森特和格林纳丁斯, 苏里南, 特克斯和凯科斯群岛, 特立尼达和多巴哥, 危地马拉, 委内瑞拉, 乌拉圭",78.9M,"德文,日文,法文,简体中文,英文,葡萄牙文,西班牙文,韩文",1158,42,78.9,8,2,11,4.818181818,"[['￥78.00', 'Chord ai Pro']]"
1446517018,施工现场服务,施工现场服务,,效率,0,1,哈尔滨天健高新技术有限公司,4,中国,63.99M,"简体中文,英文",2000,1,63.99,2,0,16,2.125,
1447868340,电子词典,电子词典,沉浸式查词体验,参考资料,0,0,Han Yang,4,"中国, 中国香港, 中国台湾, 美国, 日本, 韩国, 澳大利亚, 加拿大, 阿根廷, 安圭拉, 安提瓜和巴布达, 巴巴多斯, 巴哈马, 巴拉圭, 巴拿马, 巴西, 百慕大, 玻利维亚, 伯利兹, 多米尼加共和国, 多米尼克, 厄瓜多尔, 哥伦比亚, 哥斯达黎加, 格林纳达, 圭亚那, 洪都拉斯, 开曼群岛, 蒙特塞拉特岛, 秘鲁, 墨西哥, 尼加拉瓜, 萨尔瓦多, 圣基茨岛和尼维斯, 圣卢西亚, 圣文森特和格林纳丁斯, 苏里南, 特克斯和凯科斯群岛, 特立尼达和多巴哥, 危地马拉, 委内瑞拉, 乌拉圭",131.06M,英文,4989,42,131.06,1,0,121,4.52892562,"[['￥12.00', 'Pro版']]"
1448327606,刷宝短视频,刷宝短视频,一个可以刷出精彩的短视频app,摄影与录像,0,1,"Hainan Toujiao Information Technology Co., Ltd",17,中国,250.11M,"简体中文,英文",21750710,1,250.11,2,0,1501791,4.813283606,"[['￥12.00', '12元8.4刷币'], ['￥98.00', '98元68.6刷币'], ['￥278.00', '278元194.6刷币'], ['￥998.00', '998元698.6刷币'], ['￥1.00', '1元0.7刷币'], ['￥6.00', '6元4.2刷币'], ['￥518.00', '518元362.6刷币']]"
1449108667,医阶,医阶,听医学就在医阶,医疗,0,1,"Beijing Zest Bridge Media Technology Co., Ltd",17,"中国, 中国香港, 中国台湾, 美国, 日本, 韩国, 澳大利亚, 加拿大, 阿根廷, 安圭拉, 安提瓜和巴布达, 巴巴多斯, 巴哈马, 巴拉圭, 巴拿马, 巴西, 百慕大, 玻利维亚, 伯利兹, 多米尼加共和国, 多米尼克, 厄瓜多尔, 哥伦比亚, 哥斯达黎加, 格林纳达, 圭亚那, 洪都拉斯, 开曼群岛, 蒙特塞拉特岛, 秘鲁, 墨西哥, 尼加拉瓜, 萨尔瓦多, 圣基茨岛和尼维斯, 圣卢西亚, 圣文森特和格林纳丁斯, 苏里南, 特克斯和凯科斯群岛, 特立尼达和多巴哥, 危地马拉, 委内瑞拉, 乌拉圭",97.27M,"简体中文,英文",8876,42,97.27,2,1,18682,4.763997431,"[['￥9.00', '连续包月'], ['￥6.00', '6金豆'], ['￥68.00', '68金豆'], ['￥98.00', '全年订阅VIP双节限时优惠'], ['￥208.00', '208金豆'], ['￥88.00', '88金豆'], ['￥108.00', '108金豆'], ['￥388.00', '388金豆'], ['￥588.00', '588金豆'], ['￥648.00', '648金豆']]"
1450196665,I Can Do It Cards,I Can Do It Cards,,生活,30,0,"Hay House, Incorporated",4,"中国, 美国, 澳大利亚, 加拿大, 阿根廷, 安圭拉, 安提瓜和巴布达, 巴巴多斯, 巴哈马, 巴拉圭, 巴拿马, 巴西, 百慕大, 玻利维亚, 伯利兹, 多米尼加共和国, 多米尼克, 厄瓜多尔, 哥伦比亚, 哥斯达黎加, 格林纳达, 圭亚那, 洪都拉斯, 开曼群岛, 蒙特塞拉特岛, 秘鲁, 墨西哥, 尼加拉瓜, 萨尔瓦多, 圣基茨岛和尼维斯, 圣卢西亚, 圣文森特和格林纳丁斯, 苏里南, 特克斯和凯科斯群岛, 特立尼达和多巴哥, 危地马拉, 委内瑞拉, 乌拉圭, 牙买加, 英属维尔京群岛, 智利,",30.74M,英文,2153,42,30.74,1,19,6495.65019,4.849101124,
1450375912,Swiss National Park,Swiss National Park,,旅游,30,0,CHALAMALASETTY SWETHA,4,"中国, 美国, 澳大利亚, 加拿大, 阿根廷, 安圭拉, 安提瓜和巴布达, 巴巴多斯, 巴哈马, 巴拉圭, 巴拿马, 巴西, 百慕大, 玻利维亚, 伯利兹, 多米尼加共和国, 多米尼克, 厄瓜多尔, 哥伦比亚, 哥斯达黎加, 格林纳达, 圭亚那, 洪都拉斯, 开曼群岛, 蒙特塞拉特岛, 秘鲁, 墨西哥, 尼加拉瓜, 萨尔瓦多, 圣基茨岛和尼维斯, 圣卢西亚, 圣文森特和格林纳丁斯, 苏里南, 特克斯和凯科斯群岛, 特立尼达和多巴哥, 危地马拉, 委内瑞拉, 乌拉圭, 牙买加, 英属维尔京群岛, 智利,",26.15M,英文,0,42,26.15,1,7,1057.152318,4.840744221,
1452732716,网上江滨医院,网上江滨医院,,医疗,0,1,江苏大学附属医院,17,中国,209.16M,"德文,日文,波兰文,简体中文,英文,西班牙文",20411,1,209.16,6,0,34,4.264705882,
1453125509,诗经 - 为你读诗,诗经,品味诗词之美 传承国学经典,图书,6,0,勋斌 罗,4,"中国, 中国香港, 中国台湾, 美国, 日本, 韩国, 澳大利亚, 加拿大, 阿根廷, 安圭拉, 安提瓜和巴布达, 巴巴多斯, 巴哈马, 巴拉圭, 巴拿马, 巴西, 百慕大, 玻利维亚, 伯利兹, 多米尼加共和国, 多米尼克, 厄瓜多尔, 哥伦比亚, 哥斯达黎加, 格林纳达, 圭亚那, 洪都拉斯, 开曼群岛, 蒙特塞拉特岛, 秘鲁, 墨西哥, 尼加拉瓜, 萨尔瓦多, 圣基茨岛和尼维斯, 圣卢西亚, 圣文森特和格林纳丁斯, 苏里南, 特克斯和凯科斯群岛, 特立尼达和多巴哥, 危地马拉, 委内瑞拉, 乌拉圭",27.98M,英文,3380,42,27.98,1,9,18,4.444444444,
1455959410,Dvr-N3,Dvr,Dvr-N3,导航,0,0,yongjin duan,4,"中国, 中国香港, 中国台湾, 美国, 日本, 韩国, 澳大利亚, 加拿大, 阿根廷, 安圭拉, 安提瓜和巴布达, 巴巴多斯, 巴哈马, 巴拉圭, 巴拿马, 巴西, 百慕大, 玻利维亚, 伯利兹, 多米尼加共和国, 多米尼克, 厄瓜多尔, 哥伦比亚, 哥斯达黎加, 格林纳达, 圭亚那, 洪都拉斯, 开曼群岛, 蒙特塞拉特岛, 秘鲁, 墨西哥, 尼加拉瓜, 萨尔瓦多, 圣基茨岛和尼维斯, 圣卢西亚, 圣文森特和格林纳丁斯, 苏里南, 特克斯和凯科斯群岛, 特立尼达和多巴哥, 危地马拉, 委内瑞拉, 乌拉圭",64.85M,"俄文,德文,日文,法文,波兰文,简体中文,英文,越南文",20283,42,64.85,8,0,78,2.679487179,
1456352331,中联艺术,中联艺术,,体育,0,1,中联华夏艺术有限公司,12,"中国, 中国香港, 中国台湾, 美国, 日本, 韩国, 澳大利亚, 加拿大, 阿根廷, 安圭拉, 安提瓜和巴布达, 巴巴多斯, 巴哈马, 巴拉圭, 巴拿马, 巴西, 百慕大, 玻利维亚, 伯利兹, 多米尼加共和国, 多米尼克, 厄瓜多尔, 哥伦比亚, 哥斯达黎加, 格林纳达, 圭亚那, 洪都拉斯, 开曼群岛, 蒙特塞拉特岛, 秘鲁, 墨西哥, 尼加拉瓜, 萨尔瓦多, 圣基茨岛和尼维斯, 圣卢西亚, 圣文森特和格林纳丁斯, 苏里南, 特克斯和凯科斯群岛, 特立尼达和多巴哥, 危地马拉, 委内瑞拉, 乌拉圭",65.28M,简体中文,8310,42,65.28,1,0,5,4.6,"[['￥6.00', '1课程学习券=6元'], ['￥18.00', '1学习券=18元'], ['￥25.00', '4课程学习券=25元'], ['￥50.00', '8课程学习券=50元'], ['￥73.00', '4学习券=73元'], ['￥60.00', '10课程学习券=60元'], ['￥148.00', '8课程学习券=148元'], ['￥218.00', '36课程学习券=218元'], ['￥98.00', '16课程学习券=98元'], ['￥178.00', '10课程学习"
1456353192,模因N+Nu造商 - Stickers Nu造商,模因N,表情贴纸 Sticker Maker,娱乐,0,1,DreamTeam Apps,4,"中国, 中国香港, 中国台湾, 美国, 日本, 韩国, 澳大利亚, 加拿大, 阿根廷, 安圭拉, 安提瓜和巴布达, 巴巴多斯, 巴哈马, 巴拉圭, 巴拿马, 巴西, 百慕大, 玻利维亚, 伯利兹, 多米尼加共和国, 多米尼克, 厄瓜多尔, 哥伦比亚, 哥斯达黎加, 格林纳达, 圭亚那, 洪都拉斯, 开曼群岛, 蒙特塞拉特岛, 秘鲁, 墨西哥, 尼加拉瓜, 萨尔瓦多, 圣基茨岛和尼维斯, 圣卢西亚, 圣文森特和格林纳丁斯, 苏里南, 特克斯和凯科斯群岛, 特立尼达和多巴哥, 危地马拉, 委内瑞拉, 乌拉圭",177.27M,"俄文,德文,意大利文,日文,法文,简体中文,繁体中文,英文,葡萄牙文,西班牙文,阿拉伯文,韩文",0,42,177.27,12,2,2,4.5,"[['￥53.00', 'Premium Subscription'], ['￥70.00', 'Premium Subscription'], ['￥43.00', 'Premium Subscription'], ['￥28.00', 'Premium Subscription'], ['￥143.00', 'Premium Subscription'], ['￥213.00', 'Premium Subscription'], ['￥58.00', 'Premium Subscription']]"
1457821301,nubia穿戴,nubia穿戴,,健康健美,0,1,"Nubia Technology Co., Ltd.",4,中国,72.82M,"简体中文,繁体中文,英文",15783,1,72.82,3,1,94,2.478723404,
1458306368,译宝DIMG X系列,译宝DIMG X系列,译宝X,工具,18,1,Jian Guo,4,"中国, 中国香港, 中国台湾, 美国, 日本, 韩国, 澳大利亚, 加拿大, 阿根廷, 安圭拉, 安提瓜和巴布达, 巴巴多斯, 巴哈马, 巴拉圭, 巴拿马, 巴西, 百慕大, 玻利维亚, 伯利兹, 多米尼加共和国, 多米尼克, 厄瓜多尔, 哥伦比亚, 哥斯达黎加, 格林纳达, 圭亚那, 洪都拉斯, 开曼群岛, 蒙特塞拉特岛, 秘鲁, 墨西哥, 尼加拉瓜, 萨尔瓦多, 圣基茨岛和尼维斯, 圣卢西亚, 圣文森特和格林纳丁斯, 苏里南, 特克斯和凯科斯群岛, 特立尼达和多巴哥, 危地马拉, 委内瑞拉, 乌拉圭",3.64M,"简体中文,英文",4721,42,3.64,2,6,9,2.222222222,
1458565928,商用智能-选址开店市场调研大数据平台,商用智能,任意地点和维度的人群及商业洞察,工具,0,1,cddachina,12,"中国, 中国香港, 中国台湾, 美国, 日本, 韩国, 澳大利亚, 加拿大, 阿根廷, 安圭拉, 安提瓜和巴布达, 巴巴多斯, 巴哈马, 巴拉圭, 巴拿马, 巴西, 百慕大, 玻利维亚, 伯利兹, 多米尼加共和国, 多米尼克, 厄瓜多尔, 哥伦比亚, 哥斯达黎加, 格林纳达, 圭亚那, 洪都拉斯, 开曼群岛, 蒙特塞拉特岛, 秘鲁, 墨西哥, 尼加拉瓜, 萨尔瓦多, 圣基茨岛和尼维斯, 圣卢西亚, 圣文森特和格林纳丁斯, 苏里南, 特克斯和凯科斯群岛, 特立尼达和多巴哥, 危地马拉, 委内瑞拉, 乌拉圭",37.06M,简体中文,15175,42,37.06,1,0,1377,4.924473493,
1459030163,简历制作 - 求职找工作者的个人简历模板,简历制作,电子简历制作器，可以速做个人简介的好帮手,效率,0,0,技 柯,4,"中国, 中国香港, 中国台湾, 美国, 日本, 韩国, 澳大利亚, 加拿大, 阿根廷, 安圭拉, 安提瓜和巴布达, 巴巴多斯, 巴哈马, 巴拉圭, 巴拿马, 巴西, 百慕大, 玻利维亚, 伯利兹, 多米尼加共和国, 多米尼克, 厄瓜多尔, 哥伦比亚, 哥斯达黎加, 格林纳达, 圭亚那, 洪都拉斯, 开曼群岛, 蒙特塞拉特岛, 秘鲁, 墨西哥, 尼加拉瓜, 萨尔瓦多, 圣基茨岛和尼维斯, 圣卢西亚, 圣文森特和格林纳丁斯, 苏里南, 特克斯和凯科斯群岛, 特立尼达和多巴哥, 危地马拉, 委内瑞拉, 乌拉圭",23.23M,"俄文,德文,日文,法文,泰文,简体中文,繁体中文,英文,葡萄牙文,西班牙文,越南文,韩文",12124,42,23.23,12,2,635,4.722834646,"[['￥7.00', '周订阅'], ['￥24.00', '季度订阅'], ['￥10.00', '每月订阅'], ['￥48.00', '年度订阅']]"
1459119812,公主的故事 - 美女生换装扮养成小游戏,公主的故事,可爱的捏脸换装生活日记,娱乐,0,0,Mithril Mobile,4,"中国, 中国香港, 中国台湾, 美国, 日本, 韩国, 澳大利亚, 加拿大, 阿根廷, 安圭拉, 安提瓜和巴布达, 巴巴多斯, 巴哈马, 巴拉圭, 巴拿马, 巴西, 百慕大, 玻利维亚, 伯利兹, 多米尼加共和国, 多米尼克, 厄瓜多尔, 哥伦比亚, 哥斯达黎加, 格林纳达, 圭亚那, 洪都拉斯, 开曼群岛, 蒙特塞拉特岛, 秘鲁, 墨西哥, 尼加拉瓜, 萨尔瓦多, 圣基茨岛和尼维斯, 圣卢西亚, 圣文森特和格林纳丁斯, 苏里南, 特克斯和凯科斯群岛, 特立尼达和多巴哥, 危地马拉, 委内瑞拉, 乌拉圭",280.43M,"俄文,土耳其文,德文,意大利文,日文,法文,简体中文,繁体中文,英文,葡萄牙文,西班牙文,阿拉伯文,韩文",4658,42,280.43,13,1,163,4.147239264,"[['￥35.00', 'iDolly Premium Pack'], ['￥58.00', 'iDolly Premium Pack'], ['￥27.00', 'iDolly Premium Pack'], ['￥293.00', 'iDolly Premium Pack'], ['￥88.00', 'iDolly Premium'], ['￥208.00', 'iDolly Premium Pack'], ['￥208.00', 'iDolly Premium Pack']]"
1459410139,Olympic Weightlifting App,Olympic Weightlifting App,,体育,18,0,Nino Suess,4,"中国, 中国香港, 中国台湾, 美国, 日本, 韩国, 澳大利亚, 加拿大, 阿根廷, 安圭拉, 安提瓜和巴布达, 巴巴多斯, 巴哈马, 巴拉圭, 巴拿马, 巴西, 百慕大, 玻利维亚, 伯利兹, 多米尼加共和国, 多米尼克, 厄瓜多尔, 哥伦比亚, 哥斯达黎加, 格林纳达, 圭亚那, 洪都拉斯, 开曼群岛, 蒙特塞拉特岛, 秘鲁, 墨西哥, 尼加拉瓜, 萨尔瓦多, 圣基茨岛和尼维斯, 圣卢西亚, 圣文森特和格林纳丁斯, 苏里南, 特克斯和凯科斯群岛, 特立尼达和多巴哥, 危地马拉, 委内瑞拉, 乌拉圭",8.14M,"俄文,德文,英文",1221,42,8.14,3,0,1111.346212,4.916641537,
1460901036,Next Move 1,Next Move 1,小学英语外教课堂,导航,12,0,xudong he,4,"中国, 美国, 日本, 韩国, 澳大利亚, 加拿大, 阿根廷, 安圭拉, 安提瓜和巴布达, 巴巴多斯, 巴哈马, 巴拉圭, 巴拿马, 巴西, 百慕大, 玻利维亚, 伯利兹, 多米尼加共和国, 多米尼克, 厄瓜多尔, 哥伦比亚, 哥斯达黎加, 格林纳达, 圭亚那, 洪都拉斯, 开曼群岛, 蒙特塞拉特岛, 秘鲁, 墨西哥, 尼加拉瓜, 萨尔瓦多, 圣基茨岛和尼维斯, 圣卢西亚, 圣文森特和格林纳丁斯, 苏里南, 特克斯和凯科斯群岛, 特立尼达和多巴哥, 危地马拉, 委内瑞拉, 乌拉圭, 牙买加, 英属维尔京",125.97M,"丹麦文,乌克兰文,俄文,克罗地亚文,加泰罗尼亚文,匈牙利文,博克马尔文挪威文,印度尼西亚文,土耳其文,希伯来文,希腊文,德文,意大利文,捷克文,斯洛伐克文,日文,法文,波兰文,泰文,瑞典文,简体中文,繁体中文,罗马尼亚文,芬兰文,英文,荷兰文,葡萄牙文,西班牙文,越南文,阿拉伯文,韩文,马来文",1415,42,125.97,32,63,1250.443111,4.880481497,
1463051518,东风go,东风go,,旅游,0,1,"Dongfeng Changxing(WuHan)Science and Technology Co.,Ltd.",4,中国,241.58M,英文,365579,1,241.58,1,1,868,3.829493088,
1463351756,换算一下 - 单位和货币汇率换算工具,换算一下,高效简洁的多功能单位和货币汇率换算器,工具,1,0,Zhendong Zhou,4,"中国, 中国香港, 中国台湾, 美国, 日本, 韩国, 澳大利亚, 加拿大, 阿根廷, 安圭拉, 安提瓜和巴布达, 巴巴多斯, 巴哈马, 巴拉圭, 巴拿马, 巴西, 百慕大, 玻利维亚, 伯利兹, 多米尼加共和国, 多米尼克, 厄瓜多尔, 哥伦比亚, 哥斯达黎加, 格林纳达, 圭亚那, 洪都拉斯, 开曼群岛, 蒙特塞拉特岛, 秘鲁, 墨西哥, 尼加拉瓜, 萨尔瓦多, 圣基茨岛和尼维斯, 圣卢西亚, 圣文森特和格林纳丁斯, 苏里南, 特克斯和凯科斯群岛, 特立尼达和多巴哥, 危地马拉, 委内瑞拉, 乌拉圭",20.44M,"日文,简体中文,繁体中文,英文",21582,42,20.44,4,0,128,4.578125,
1467410502,Sago Mini 飞机场,Sago Mini 飞机场,准备起飞！,教育,25,0,Sago Mini,4,"中国, 中国香港, 中国台湾, 美国, 日本, 韩国, 澳大利亚, 加拿大, 阿根廷, 安圭拉, 安提瓜和巴布达, 巴巴多斯, 巴哈马, 巴拉圭, 巴拿马, 巴西, 百慕大, 玻利维亚, 伯利兹, 多米尼加共和国, 多米尼克, 厄瓜多尔, 哥伦比亚, 哥斯达黎加, 格林纳达, 圭亚那, 洪都拉斯, 开曼群岛, 蒙特塞拉特岛, 秘鲁, 墨西哥, 尼加拉瓜, 萨尔瓦多, 圣基茨岛和尼维斯, 圣卢西亚, 圣文森特和格林纳丁斯, 苏里南, 特克斯和凯科斯群岛, 特立尼达和多巴哥, 危地马拉, 委内瑞拉, 乌拉圭",83.83M,"俄文,德文,日文,法文,简体中文,繁体中文,英文,葡萄牙文,西班牙文",2227,42,83.83,9,12,4,3.75,
1468489893,}nz查器. 卡路里,}nz查器,心率. z查拍,娱乐,0,0,"BOYARD-INVEST, TOV",4,"中国, 中国香港, 中国台湾, 美国, 日本, 韩国, 澳大利亚, 加拿大, 阿根廷, 安圭拉, 安提瓜和巴布达, 巴巴多斯, 巴哈马, 巴拉圭, 巴拿马, 巴西, 百慕大, 玻利维亚, 伯利兹, 多米尼加共和国, 多米尼克, 厄瓜多尔, 哥伦比亚, 哥斯达黎加, 格林纳达, 圭亚那, 洪都拉斯, 开曼群岛, 蒙特塞拉特岛, 秘鲁, 墨西哥, 尼加拉瓜, 萨尔瓦多, 圣基茨岛和尼维斯, 圣卢西亚, 圣文森特和格林纳丁斯, 苏里南, 特克斯和凯科斯群岛, 特立尼达和多巴哥, 危地马拉, 委内瑞拉, 乌拉圭",99.64M,"法文,简体中文,繁体中文,英文,葡萄牙文,西班牙文",743,42,99.64,6,0,1302,4.643625192,"[['￥638.00', 'Primo 1 year'], ['￥70.00', 'Primo 1 w'], ['￥148.00', 'Subscription 1 w'], ['￥213.00', '1 mes']]"
1470032658,人狗翻译器 - 狗语翻译狗狗交流器,人狗翻译器,猫语翻译器人狗交流器,娱乐,0,0,杰 伍,4,"中国, 中国香港, 中国台湾, 美国, 日本, 韩国, 澳大利亚, 加拿大, 阿根廷, 安圭拉, 安提瓜和巴布达, 巴巴多斯, 巴哈马, 巴拉圭, 巴拿马, 巴西, 百慕大, 玻利维亚, 伯利兹, 多米尼加共和国, 多米尼克, 厄瓜多尔, 哥伦比亚, 哥斯达黎加, 格林纳达, 圭亚那, 洪都拉斯, 开曼群岛, 蒙特塞拉特岛, 秘鲁, 墨西哥, 尼加拉瓜, 萨尔瓦多, 圣基茨岛和尼维斯, 圣卢西亚, 圣文森特和格林纳丁斯, 苏里南, 特克斯和凯科斯群岛, 特立尼达和多巴哥, 危地马拉, 委内瑞拉, 乌拉圭",33.09M,英文,42513,42,33.09,1,0,530,4.518867925,"[['￥108.00', '人狗翻译器 VIP 年卡'], ['￥18.00', '人狗翻译器 VIP 月卡']]"
1471109568,口袋冒险家-全新精灵世界,口袋冒险家,和小伙伴一起在宠物世界对战,游戏,0,0,Shenzhen Qin Zhuan interactive technology co. LTD,9,中国,651.26M,英文,688866,1,651.26,1,0,6905,4.773062998,"[['￥6.00', '60钻石'], ['￥12.00', '至尊卡'], ['￥6.00', '6元套餐'], ['￥25.00', '月度卡'], ['￥30.00', '300钻石'], ['￥1.00', '1元套餐'], ['￥12.00', '12元套餐'], ['￥30.00', '30元套餐'], ['￥98.00', '980钻石'], ['￥12.00', '120钻石']]"
1472834051,德语英语双语图解词典,德语英语双语图解词典,查词学词翻译工具,导航,12,0,xudong he,4,"中国, 中国香港, 中国台湾, 美国, 日本, 韩国, 澳大利亚, 加拿大, 阿根廷, 安圭拉, 安提瓜和巴布达, 巴巴多斯, 巴哈马, 巴拉圭, 巴拿马, 巴西, 百慕大, 玻利维亚, 伯利兹, 多米尼加共和国, 多米尼克, 厄瓜多尔, 哥伦比亚, 哥斯达黎加, 格林纳达, 圭亚那, 洪都拉斯, 开曼群岛, 蒙特塞拉特岛, 秘鲁, 墨西哥, 尼加拉瓜, 萨尔瓦多, 圣基茨岛和尼维斯, 圣卢西亚, 圣文森特和格林纳丁斯, 苏里南, 特克斯和凯科斯群岛, 特立尼达和多巴哥, 危地马拉, 委内瑞拉, 乌拉圭",151.25M,"丹麦文,乌克兰文,俄文,克罗地亚文,加泰罗尼亚文,匈牙利文,博克马尔文挪威文,印度尼西亚文,土耳其文,希伯来文,希腊文,德文,意大利文,捷克文,斯洛伐克文,日文,法文,波兰文,泰文,瑞典文,简体中文,繁体中文,罗马尼亚文,芬兰文,英文,荷兰文,葡萄牙文,西班牙文,越南文,阿拉伯文,韩文,马来文",1827,42,151.25,32,63,1,1,
1473120098,决斗火柴人,决斗火柴人,不肝不氪的火柴人格斗小游戏,游戏,0,0,Madnow,9,"中国, 中国香港, 中国台湾, 美国, 日本, 韩国, 澳大利亚, 加拿大, 阿根廷, 安圭拉, 安提瓜和巴布达, 巴巴多斯, 巴哈马, 巴拉圭, 巴拿马, 巴西, 百慕大, 玻利维亚, 伯利兹, 多米尼加共和国, 多米尼克, 厄瓜多尔, 哥伦比亚, 哥斯达黎加, 格林纳达, 圭亚那, 洪都拉斯, 开曼群岛, 蒙特塞拉特岛, 秘鲁, 墨西哥, 尼加拉瓜, 萨尔瓦多, 圣基茨岛和尼维斯, 圣卢西亚, 圣文森特和格林纳丁斯, 苏里南, 特克斯和凯科斯群岛, 特立尼达和多巴哥, 危地马拉, 委内瑞拉, 乌拉圭",295.49M,简体中文,679896,42,295.49,1,1,32954,4.753080051,
1474575140,韭韭投研,韭韭投研,,财务,0,1,爱科思瑞铂特(北京)智能技术有限公司,4,"中国, 中国香港, 中国台湾, 日本, 韩国",80.16M,英文,257,5,80.16,1,0,36,4.777777778,"[['￥388.00', '1个月会员期限'], ['￥2,998.00', '12个月会员期限'], ['￥1,198.00', '1个月会员权限'], ['￥5,898.00', '6个月会员权限'], ['￥2,998.00', '1年会员期限'], ['￥3,298.00', '3个月会员权限'], ['￥998.00', '3个月会员期限']]"
1474947640,一字马训练 - 劈叉训练,一字马训练,30天一字马挑战,健康健美,0,1,ABISHKKING LIMITED.,12,"中国, 中国香港, 中国台湾, 美国, 日本, 韩国, 澳大利亚, 加拿大, 阿根廷, 安圭拉, 安提瓜和巴布达, 巴巴多斯, 巴哈马, 巴拉圭, 巴拿马, 巴西, 百慕大, 玻利维亚, 伯利兹, 多米尼加共和国, 多米尼克, 厄瓜多尔, 哥伦比亚, 哥斯达黎加, 格林纳达, 圭亚那, 洪都拉斯, 开曼群岛, 蒙特塞拉特岛, 秘鲁, 墨西哥, 尼加拉瓜, 萨尔瓦多, 圣基茨岛和尼维斯, 圣卢西亚, 圣文森特和格林纳丁斯, 苏里南, 特克斯和凯科斯群岛, 特立尼达和多巴哥, 危地马拉, 委内瑞拉, 乌拉圭",136.42M,"俄文,印度尼西亚文,土耳其文,德文,意大利文,日文,法文,波兰文,简体中文,繁体中文,英文,荷兰文,葡萄牙文,西班牙文,阿拉伯文,韩文",6182,42,136.42,16,22,104,4.759615385,"[['￥148.00', '年度订阅'], ['￥40.00', '去除广告']]"
1474968268,Pocket Heart Physical Exam,Pocket Heart Physical Exam,,医疗,6,0,Tatsuya Kawasaki,17,"中国, 美国, 澳大利亚, 加拿大, 阿根廷, 安圭拉, 安提瓜和巴布达, 巴巴多斯, 巴哈马, 巴拉圭, 巴拿马, 巴西, 百慕大, 玻利维亚, 伯利兹, 多米尼加共和国, 多米尼克, 厄瓜多尔, 哥伦比亚, 哥斯达黎加, 格林纳达, 圭亚那, 洪都拉斯, 开曼群岛, 蒙特塞拉特岛, 秘鲁, 墨西哥, 尼加拉瓜, 萨尔瓦多, 圣基茨岛和尼维斯, 圣卢西亚, 圣文森特和格林纳丁斯, 苏里南, 特克斯和凯科斯群岛, 特立尼达和多巴哥, 危地马拉, 委内瑞拉, 乌拉圭, 牙买加, 英属维尔京群岛, 智利,",34.91M,英文,14404,42,34.91,1,2,2593.816914,4.928223493,
1475216610,牵手-认真恋爱,牵手,只想用心谈恋爱,社交,0,1,"Tianjin Laifu Culture Development Co., Ltd.",17,"中国, 中国香港, 中国台湾, 中国澳门",203.57M,简体中文,773584,4,203.57,1,0,19382,4.512021463,"[['￥88.00', '查看谁喜欢我1个月自动订阅'], ['￥60.00', 'VIP会员1个月自动订阅'], ['￥6.00', '42牵手币'], ['￥138.00', 'VIP会员3个月自动订阅'], ['￥188.00', '查看谁喜欢我3个月自动订阅'], ['￥30.00', '210牵手币'], ['￥88.00', '686牵手币'], ['￥388.00', 'VIP会员12个月自动订阅'], ['￥88.00', '查看谁喜欢我1个月自动订阅'], ['￥60.00', 'VIP"
1476202475,皇家温度计,皇家温度计,temperature measurement,天气,0,1,Yohan Teixeira,4,"中国, 中国香港, 中国台湾, 美国, 日本, 韩国, 澳大利亚, 加拿大, 阿根廷, 安圭拉, 安提瓜和巴布达, 巴巴多斯, 巴哈马, 巴拉圭, 巴拿马, 巴西, 百慕大, 玻利维亚, 伯利兹, 多米尼加共和国, 多米尼克, 厄瓜多尔, 哥伦比亚, 哥斯达黎加, 格林纳达, 圭亚那, 洪都拉斯, 开曼群岛, 蒙特塞拉特岛, 秘鲁, 墨西哥, 尼加拉瓜, 萨尔瓦多, 圣基茨岛和尼维斯, 圣卢西亚, 圣文森特和格林纳丁斯, 苏里南, 特克斯和凯科斯群岛, 特立尼达和多巴哥, 危地马拉, 委内瑞拉, 乌拉圭",25.6M,"俄文,德文,意大利文,日文,法文,简体中文,英文,葡萄牙文,西班牙文",4036,42,25.6,9,0,2,4,
1476801519,格斗24小时,格斗24小时,Fight 24 hours,体育,0,1,"Henan Wentong Network Technology Co., Ltd.",4,"中国, 美国, 日本, 韩国, 澳大利亚, 加拿大, 阿根廷, 安圭拉, 安提瓜和巴布达, 巴巴多斯, 巴哈马, 巴拉圭, 巴拿马, 巴西, 百慕大, 玻利维亚, 伯利兹, 多米尼加共和国, 多米尼克, 厄瓜多尔, 哥伦比亚, 哥斯达黎加, 格林纳达, 圭亚那, 洪都拉斯, 开曼群岛, 蒙特塞拉特岛, 秘鲁, 墨西哥, 尼加拉瓜, 萨尔瓦多, 圣基茨岛和尼维斯, 圣卢西亚, 圣文森特和格林纳丁斯, 苏里南, 特克斯和凯科斯群岛, 特立尼达和多巴哥, 危地马拉, 委内瑞拉, 乌拉圭, 牙买加, 英属维尔京",63.01M,简体中文,8733,42,63.01,1,0,7,5,
1477805491,诺心蛋糕-订购新鲜生日蛋糕,诺心蛋糕,点亮每个有温度的开始,美食佳饮,0,0,诺心食品(上海)有限公司,4,"中国, 中国香港, 中国台湾, 美国, 日本, 韩国, 澳大利亚, 加拿大, 阿根廷, 安圭拉, 安提瓜和巴布达, 巴巴多斯, 巴哈马, 巴拉圭, 巴拿马, 巴西, 百慕大, 玻利维亚, 伯利兹, 多米尼加共和国, 多米尼克, 厄瓜多尔, 哥伦比亚, 哥斯达黎加, 格林纳达, 圭亚那, 洪都拉斯, 开曼群岛, 蒙特塞拉特岛, 秘鲁, 墨西哥, 尼加拉瓜, 萨尔瓦多, 圣基茨岛和尼维斯, 圣卢西亚, 圣文森特和格林纳丁斯, 苏里南, 特克斯和凯科斯群岛, 特立尼达和多巴哥, 危地马拉, 委内瑞拉, 乌拉圭",18.32M,英文,69920,42,18.32,1,0,26,4,
1477839383,豌豆清单-提醒事项日历打卡to do list,豌豆清单,日程待办计划表，时间规划便签备忘录,效率,0,0,Dongxue Hao,4,"中国, 中国香港, 中国台湾, 美国, 日本, 韩国, 澳大利亚, 加拿大, 阿根廷, 安圭拉, 安提瓜和巴布达, 巴巴多斯, 巴哈马, 巴拉圭, 巴拿马, 巴西, 百慕大, 玻利维亚, 伯利兹, 多米尼加共和国, 多米尼克, 厄瓜多尔, 哥伦比亚, 哥斯达黎加, 格林纳达, 圭亚那, 洪都拉斯, 开曼群岛, 蒙特塞拉特岛, 秘鲁, 墨西哥, 尼加拉瓜, 萨尔瓦多, 圣基茨岛和尼维斯, 圣卢西亚, 圣文森特和格林纳丁斯, 苏里南, 特克斯和凯科斯群岛, 特立尼达和多巴哥, 危地马拉, 委内瑞拉, 乌拉圭",51.75M,"简体中文,英文",110563,42,51.75,2,1,79312,4.995372705,"[['￥88.00', '连续季会员'], ['￥188.00', '连续年会员'], ['￥18.00', '连续月会员'], ['￥388.00', '高级会员'], ['￥28.00', '月会员'], ['￥208.00', '年会员']]"
1481102346,theWear,theWear,,天气,0,0,Valentina Selezneva,4,"中国, 中国香港, 中国台湾, 美国, 日本, 韩国, 澳大利亚, 加拿大, 阿根廷, 安圭拉, 安提瓜和巴布达, 巴巴多斯, 巴哈马, 巴拉圭, 巴拿马, 巴西, 百慕大, 玻利维亚, 伯利兹, 多米尼加共和国, 多米尼克, 厄瓜多尔, 哥伦比亚, 哥斯达黎加, 格林纳达, 圭亚那, 洪都拉斯, 开曼群岛, 蒙特塞拉特岛, 秘鲁, 墨西哥, 尼加拉瓜, 萨尔瓦多, 圣基茨岛和尼维斯, 圣卢西亚, 圣文森特和格林纳丁斯, 苏里南, 特克斯和凯科斯群岛, 特立尼达和多巴哥, 危地马拉, 委内瑞拉, 乌拉圭",8.2M,"俄文,法文,英文",627,42,8.2,3,0,477.1023865,4.897099628,
1481187154,采筑 C 第三方B2B建材采购交易平台,采筑,联合采购 不赚差价,购物,0,1,Zhuhai Caizhu electronic commerce co. LTD,4,"中国, 中国香港, 中国台湾, 美国, 日本, 韩国, 澳大利亚, 加拿大, 阿根廷, 安圭拉, 安提瓜和巴布达, 巴巴多斯, 巴哈马, 巴拉圭, 巴拿马, 巴西, 百慕大, 玻利维亚, 伯利兹, 多米尼加共和国, 多米尼克, 厄瓜多尔, 哥伦比亚, 哥斯达黎加, 格林纳达, 圭亚那, 洪都拉斯, 开曼群岛, 蒙特塞拉特岛, 秘鲁, 墨西哥, 尼加拉瓜, 萨尔瓦多, 圣基茨岛和尼维斯, 圣卢西亚, 圣文森特和格林纳丁斯, 苏里南, 特克斯和凯科斯群岛, 特立尼达和多巴哥, 危地马拉, 委内瑞拉, 乌拉圭",83.17M,英文,631,42,83.17,1,0,11,4.363636364,
1483195353,喜豹,喜豹,用喜豹，有喜报,效率,0,1,上海鹿径信息科技有限公司,4,中国,39.45M,简体中文,2877,1,39.45,1,0,10,4.1,
1483337926,IntroAide: AE特效渲染助手,IntroAide,文字动画和视频片头制作大师,摄影与录像,0,0,ShengXing Huang,4,"中国, 中国香港, 中国台湾, 美国, 日本, 韩国, 澳大利亚, 加拿大, 阿根廷, 安圭拉, 安提瓜和巴布达, 巴巴多斯, 巴哈马, 巴拉圭, 巴拿马, 巴西, 百慕大, 玻利维亚, 伯利兹, 多米尼加共和国, 多米尼克, 厄瓜多尔, 哥伦比亚, 哥斯达黎加, 格林纳达, 圭亚那, 洪都拉斯, 开曼群岛, 蒙特塞拉特岛, 秘鲁, 墨西哥, 尼加拉瓜, 萨尔瓦多, 圣基茨岛和尼维斯, 圣卢西亚, 圣文森特和格林纳丁斯, 苏里南, 特克斯和凯科斯群岛, 特立尼达和多巴哥, 危地马拉, 委内瑞拉, 乌拉圭",44.31M,英文,9112,42,44.31,1,0,129,4.728682171,"[['￥35.00', 'IntroAide 1 Month Pro Member'], ['￥258.00', 'IntroAide Lifetime Pro Member'], ['￥50.00', 'IntroAide 3 Months Pro Member'], ['￥12.00', 'Remove all watermarks and ads'], ['￥45.00', 'All Intro & Outro Templates'], ['￥68.00', 'IntroAide 1 Year Pr"
1483612836,分期易-好用的电商分期平台,分期易,极速分期贷款借钱软件,财务,0,1,"Jiangsu Yuanzhongju Financial Information Service Co., Ltd.",4,"中国, 中国香港, 中国台湾, 美国, 日本, 韩国, 澳大利亚, 加拿大, 阿根廷, 安圭拉, 安提瓜和巴布达, 巴巴多斯, 巴哈马, 巴拉圭, 巴拿马, 巴西, 百慕大, 玻利维亚, 伯利兹, 多米尼加共和国, 多米尼克, 厄瓜多尔, 哥伦比亚, 哥斯达黎加, 格林纳达, 圭亚那, 洪都拉斯, 开曼群岛, 蒙特塞拉特岛, 秘鲁, 墨西哥, 尼加拉瓜, 萨尔瓦多, 圣基茨岛和尼维斯, 圣卢西亚, 圣文森特和格林纳丁斯, 苏里南, 特克斯和凯科斯群岛, 特立尼达和多巴哥, 危地马拉, 委内瑞拉, 乌拉圭",89.89M,"简体中文,英文",67030,42,89.89,2,0,343,4.626822157,
1488857742,云上夏邑,云上夏邑,夏邑县融媒体中心,新闻,0,1,河南大象融媒体技术有限公司,4,"中国, 中国香港, 中国台湾, 美国, 日本, 韩国, 澳大利亚, 加拿大, 阿根廷, 安圭拉, 安提瓜和巴布达, 巴巴多斯, 巴哈马, 巴拉圭, 巴拿马, 巴西, 百慕大, 玻利维亚, 伯利兹, 多米尼加共和国, 多米尼克, 厄瓜多尔, 哥伦比亚, 哥斯达黎加, 格林纳达, 圭亚那, 洪都拉斯, 开曼群岛, 蒙特塞拉特岛, 秘鲁, 墨西哥, 尼加拉瓜, 萨尔瓦多, 圣基茨岛和尼维斯, 圣卢西亚, 圣文森特和格林纳丁斯, 苏里南, 特克斯和凯科斯群岛, 特立尼达和多巴哥, 危地马拉, 委内瑞拉, 乌拉圭",123.56M,简体中文,12321,42,123.56,1,0,8,1.75,
1488911636,蚂蚁加速器 - 极速网络助手,蚂蚁加速器,蚂蚁专业工具,工具,0,0,"Qingdao Nuojia International Freight F orwarder Co., Ltd.",4,中国,12.17M,英文,919396,1,12.17,1,0,32953,4.84556793,
1489145191,永升活,永升活,,生活,0,1,"Beijing Dayi World Technology Co., Ltd",17,"中国, 中国香港, 中国台湾, 美国, 日本, 澳大利亚, 加拿大, 阿根廷, 安圭拉, 安提瓜和巴布达, 巴巴多斯, 巴哈马, 巴拉圭, 巴拿马, 百慕大, 玻利维亚, 伯利兹, 多米尼加共和国, 多米尼克, 厄瓜多尔, 哥伦比亚, 哥斯达黎加, 格林纳达, 圭亚那, 洪都拉斯, 开曼群岛, 蒙特塞拉特岛, 秘鲁, 墨西哥, 尼加拉瓜, 萨尔瓦多, 圣基茨岛和尼维斯, 圣卢西亚, 圣文森特和格林纳丁斯, 苏里南, 特克斯和凯科斯群岛, 特立尼达和多巴哥, 危地马拉, 委内瑞拉, 乌拉圭, 牙买加, 英",107.52M,英文,49782,42,107.52,1,0,85,2.835294118,
1489553233,Kiss Asian,Kiss Asian,,娱乐,18,1,Quynh Dau,4,"中国, 中国香港, 中国台湾, 美国, 日本, 韩国, 澳大利亚, 加拿大, 阿根廷, 安圭拉, 安提瓜和巴布达, 巴巴多斯, 巴哈马, 巴拉圭, 巴拿马, 巴西, 百慕大, 玻利维亚, 伯利兹, 多米尼加共和国, 多米尼克, 厄瓜多尔, 哥伦比亚, 哥斯达黎加, 格林纳达, 圭亚那, 洪都拉斯, 开曼群岛, 蒙特塞拉特岛, 秘鲁, 墨西哥, 尼加拉瓜, 萨尔瓦多, 圣基茨岛和尼维斯, 圣卢西亚, 圣文森特和格林纳丁斯, 苏里南, 特克斯和凯科斯群岛, 特立尼达和多巴哥, 危地马拉, 委内瑞拉, 乌拉圭",18.75M,英文,2553,42,18.75,1,0,4967.833333,4.4566393,
282914454,iTip Calc by PalaSoftware,iTip Calc by PalaSoftware,,美食佳饮,0,1,PalaSoftware Inc.,4,"中国, 中国香港, 中国台湾, 美国, 日本, 韩国, 澳大利亚, 加拿大, 阿根廷, 安圭拉, 安提瓜和巴布达, 巴巴多斯, 巴哈马, 巴拉圭, 巴拿马, 巴西, 百慕大, 玻利维亚, 伯利兹, 多米尼加共和国, 多米尼克, 厄瓜多尔, 哥伦比亚, 哥斯达黎加, 格林纳达, 圭亚那, 洪都拉斯, 开曼群岛, 蒙特塞拉特岛, 秘鲁, 墨西哥, 尼加拉瓜, 萨尔瓦多, 圣基茨岛和尼维斯, 圣卢西亚, 圣文森特和格林纳丁斯, 苏里南, 特克斯和凯科斯群岛, 特立尼达和多巴哥, 危地马拉, 委内瑞拉, 乌拉圭",13.76M,英文,124,42,13.76,1,2,4,5,"[['￥12.00', '""Remove Ads from iTip""']]"
286228072,Round Timer,Round Timer,,健康健美,6,1,Plain and Simple Software,4,"中国, 中国香港, 中国台湾, 美国, 日本, 韩国, 澳大利亚, 加拿大, 阿根廷, 安圭拉, 安提瓜和巴布达, 巴巴多斯, 巴哈马, 巴拉圭, 巴拿马, 巴西, 百慕大, 玻利维亚, 伯利兹, 多米尼加共和国, 多米尼克, 厄瓜多尔, 哥伦比亚, 哥斯达黎加, 格林纳达, 圭亚那, 洪都拉斯, 开曼群岛, 蒙特塞拉特岛, 秘鲁, 墨西哥, 尼加拉瓜, 萨尔瓦多, 圣基茨岛和尼维斯, 圣卢西亚, 圣文森特和格林纳丁斯, 苏里南, 特克斯和凯科斯群岛, 特立尼达和多巴哥, 危地马拉, 委内瑞拉, 乌拉圭",16.08M,英文,981,42,16.08,1,3,3253.917323,4.893012057,
975128956,故宫口袋导游,故宫口袋导游,北京故宫博物院随身智能电子导游，可根据您的位置自动定位播放,旅游,12,1,上海知客网络科技有限公司,4,"中国, 中国香港, 中国台湾, 美国, 日本, 韩国, 澳大利亚, 加拿大, 阿根廷, 安圭拉, 安提瓜和巴布达, 巴巴多斯, 巴哈马, 巴拉圭, 巴拿马, 巴西, 百慕大, 玻利维亚, 伯利兹, 多米尼加共和国, 多米尼克, 厄瓜多尔, 哥伦比亚, 哥斯达黎加, 格林纳达, 圭亚那, 洪都拉斯, 开曼群岛, 蒙特塞拉特岛, 秘鲁, 墨西哥, 尼加拉瓜, 萨尔瓦多, 圣基茨岛和尼维斯, 圣卢西亚, 圣文森特和格林纳丁斯, 苏里南, 特克斯和凯科斯群岛, 特立尼达和多巴哥, 危地马拉, 委内瑞拉, 乌拉圭",13.72M,英文,4905,42,13.72,1,2,1064.153327,4.840744221,
1385505110,天机八字排盘-生辰八字排盘五行八字算命,天机八字排盘,专注论八字排盘八字测算算命软件,工具,0,1,ZhaoJun Zhou,4,"中国, 中国香港, 中国台湾, 美国, 日本, 韩国, 澳大利亚, 加拿大, 阿根廷, 安圭拉, 安提瓜和巴布达, 巴巴多斯, 巴哈马, 巴拉圭, 巴拿马, 巴西, 百慕大, 玻利维亚, 伯利兹, 多米尼加共和国, 多米尼克, 厄瓜多尔, 哥伦比亚, 哥斯达黎加, 格林纳达, 圭亚那, 洪都拉斯, 开曼群岛, 蒙特塞拉特岛, 秘鲁, 墨西哥, 尼加拉瓜, 萨尔瓦多, 圣基茨岛和尼维斯, 圣卢西亚, 圣文森特和格林纳丁斯, 苏里南, 特克斯和凯科斯群岛, 特立尼达和多巴哥, 危地马拉, 委内瑞拉, 乌拉圭",159.87M,简体中文,704,42,159.87,1,1,1160,4.88362069,"[['￥30.00', '20易币'], ['￥50.00', '基础服务'], ['￥68.00', '50易币'], ['￥128.00', '100易币'], ['￥98.00', '2星服务'], ['￥198.00', '3星服务'], ['￥298.00', '4星服务'], ['￥68.00', '48易币'], ['￥288.00', '218易币'], ['￥128.00', '98易币']]"
1440448514,欧姆龙FA世界,欧姆龙FA世界,,参考资料,0,1,"OMRON INDUSTRIAL AUTOMATION (CHINA) CO.,LTD",17,"中国, 中国香港, 中国台湾, 美国, 日本, 韩国, 澳大利亚, 加拿大, 阿根廷, 安圭拉, 安提瓜和巴布达, 巴巴多斯, 巴哈马, 巴拉圭, 巴拿马, 巴西, 百慕大, 玻利维亚, 伯利兹, 多米尼加共和国, 多米尼克, 厄瓜多尔, 哥伦比亚, 哥斯达黎加, 格林纳达, 圭亚那, 洪都拉斯, 开曼群岛, 蒙特塞拉特岛, 秘鲁, 墨西哥, 尼加拉瓜, 萨尔瓦多, 圣基茨岛和尼维斯, 圣卢西亚, 圣文森特和格林纳丁斯, 苏里南, 特克斯和凯科斯群岛, 特立尼达和多巴哥, 危地马拉, 委内瑞拉, 乌拉圭",36.72M,简体中文,24324,42,36.72,1,0,28,4.821428571,
1448434691,天逸音乐,天逸音乐,,音乐,0,0,广州天逸电子有限公司,4,"中国, 中国香港, 中国台湾, 美国, 日本, 韩国, 澳大利亚, 加拿大, 阿根廷, 安圭拉, 安提瓜和巴布达, 巴巴多斯, 巴哈马, 巴拉圭, 巴拿马, 巴西, 百慕大, 玻利维亚, 伯利兹, 多米尼加共和国, 多米尼克, 厄瓜多尔, 哥伦比亚, 哥斯达黎加, 格林纳达, 圭亚那, 洪都拉斯, 开曼群岛, 蒙特塞拉特岛, 秘鲁, 墨西哥, 尼加拉瓜, 萨尔瓦多, 圣基茨岛和尼维斯, 圣卢西亚, 圣文森特和格林纳丁斯, 苏里南, 特克斯和凯科斯群岛, 特立尼达和多巴哥, 危地马拉, 委内瑞拉, 乌拉圭",54.4M,"简体中文,英文",8972,42,54.4,2,0,10,4.2,
1450074595,Spectre相机,Spectre相机,出色的长曝光,摄影与录像,25,1,Lux Optics Incorporated,4,"中国, 中国香港, 中国台湾, 美国, 日本, 韩国, 澳大利亚, 加拿大, 阿根廷, 安圭拉, 安提瓜和巴布达, 巴巴多斯, 巴哈马, 巴拉圭, 巴拿马, 巴西, 百慕大, 玻利维亚, 伯利兹, 多米尼加共和国, 多米尼克, 厄瓜多尔, 哥伦比亚, 哥斯达黎加, 格林纳达, 圭亚那, 洪都拉斯, 开曼群岛, 蒙特塞拉特岛, 秘鲁, 墨西哥, 尼加拉瓜, 萨尔瓦多, 圣基茨岛和尼维斯, 圣卢西亚, 圣文森特和格林纳丁斯, 苏里南, 特克斯和凯科斯群岛, 特立尼达和多巴哥, 危地马拉, 委内瑞拉, 乌拉圭",6M,"德文,意大利文,日文,法文,简体中文,繁体中文,英文,荷兰文,西班牙文,韩文",20273,42,6,10,1,325,3.48,
1450102634,起名大师－生辰八字起名解名,起名大师,大家都在用的起名APP,参考资料,0,1,勇 黄,4,"中国, 中国香港, 中国台湾, 美国, 日本, 韩国, 澳大利亚, 加拿大, 阿根廷, 安圭拉, 安提瓜和巴布达, 巴巴多斯, 巴哈马, 巴拉圭, 巴拿马, 巴西, 百慕大, 玻利维亚, 伯利兹, 多米尼加共和国, 多米尼克, 厄瓜多尔, 哥伦比亚, 哥斯达黎加, 格林纳达, 圭亚那, 洪都拉斯, 开曼群岛, 蒙特塞拉特岛, 秘鲁, 墨西哥, 尼加拉瓜, 萨尔瓦多, 圣基茨岛和尼维斯, 圣卢西亚, 圣文森特和格林纳丁斯, 苏里南, 特克斯和凯科斯群岛, 特立尼达和多巴哥, 危地马拉, 委内瑞拉, 乌拉圭",14.03M,英文,25641,42,14.03,1,2,1170,4.996581197,"[['￥18.00', '周易起名套餐A'], ['￥68.00', '周易起名套餐B'], ['￥98.00', '周易起名套餐C']]"
1450927721,App to Universal Studios Japan,App to Universal Studios Japan,,旅游,25,0,LINGAMPALLY VENKATESH,4,"中国, 中国香港, 中国台湾, 美国, 日本, 韩国, 澳大利亚, 加拿大, 阿根廷, 安圭拉, 安提瓜和巴布达, 巴巴多斯, 巴哈马, 巴拉圭, 巴拿马, 巴西, 百慕大, 玻利维亚, 伯利兹, 多米尼加共和国, 多米尼克, 厄瓜多尔, 哥伦比亚, 哥斯达黎加, 格林纳达, 圭亚那, 洪都拉斯, 开曼群岛, 蒙特塞拉特岛, 秘鲁, 墨西哥, 尼加拉瓜, 萨尔瓦多, 圣基茨岛和尼维斯, 圣卢西亚, 圣文森特和格林纳丁斯, 苏里南, 特克斯和凯科斯群岛, 特立尼达和多巴哥, 危地马拉, 委内瑞拉, 乌拉圭",37.44M,英文,6588,42,37.44,1,7,1071.2007,4.840744221,
1451160242,Kim - 让协同更高效,Kim,高效简洁的团队协同工具,商务,0,0,Qrite Technology Limited,17,"中国, 中国香港, 中国台湾, 美国, 日本, 韩国, 澳大利亚, 加拿大, 阿根廷, 安圭拉, 安提瓜和巴布达, 巴巴多斯, 巴哈马, 巴拉圭, 巴拿马, 巴西, 百慕大, 玻利维亚, 伯利兹, 多米尼加共和国, 多米尼克, 厄瓜多尔, 哥伦比亚, 哥斯达黎加, 格林纳达, 圭亚那, 洪都拉斯, 开曼群岛, 蒙特塞拉特岛, 秘鲁, 墨西哥, 尼加拉瓜, 萨尔瓦多, 圣基茨岛和尼维斯, 圣卢西亚, 圣文森特和格林纳丁斯, 苏里南, 特克斯和凯科斯群岛, 特立尼达和多巴哥, 危地马拉, 委内瑞拉, 乌拉圭",308.96M,"简体中文,英文",16575,42,308.96,2,0,362,3.121546961,
1453793697,小陪伴-陪你聊天记账背单词,小陪伴,会聊天的小助手,社交,0,1,"Beijing Shark Pioneer Network Technology Co.,Ltd",4,"中国, 中国香港, 中国台湾, 美国, 日本, 韩国, 澳大利亚, 加拿大, 阿根廷, 安圭拉, 安提瓜和巴布达, 巴巴多斯, 巴哈马, 巴拉圭, 巴拿马, 巴西, 百慕大, 玻利维亚, 伯利兹, 多米尼加共和国, 多米尼克, 厄瓜多尔, 哥伦比亚, 哥斯达黎加, 格林纳达, 圭亚那, 洪都拉斯, 开曼群岛, 蒙特塞拉特岛, 秘鲁, 墨西哥, 尼加拉瓜, 萨尔瓦多, 圣基茨岛和尼维斯, 圣卢西亚, 圣文森特和格林纳丁斯, 苏里南, 特克斯和凯科斯群岛, 特立尼达和多巴哥, 危地马拉, 委内瑞拉, 乌拉圭",85.59M,英文,550686,42,85.59,1,4,15770,4.803487635,
1454950835,五\六 Pro,五\六 Pro,,效率,12,0,Cheng-Ta Hsieh,4,"中国香港, 中国台湾, 美国, 日本, 韩国, 澳大利亚, 加拿大, 阿根廷, 安圭拉, 安提瓜和巴布达, 巴巴多斯, 巴哈马, 巴拉圭, 巴拿马, 巴西, 百慕大, 玻利维亚, 伯利兹, 多米尼加共和国, 多米尼克, 厄瓜多尔, 哥伦比亚, 哥斯达黎加, 格林纳达, 圭亚那, 洪都拉斯, 开曼群岛, 蒙特塞拉特岛, 秘鲁, 墨西哥, 尼加拉瓜, 萨尔瓦多, 圣基茨岛和尼维斯, 圣卢西亚, 圣文森特和格林纳丁斯, 苏里南, 特克斯和凯科斯群岛, 特立尼达和多巴哥, 危地马拉, 委内瑞拉, 乌拉圭, 牙买",84.12M,英文,3847,42,84.12,1,3,8,3.125,
1456988949,FlowNext-流程规划与任务执行,FlowNext,用流程图轻松处理复杂任务与逻辑,效率,0,0,Xiaobo Si,4,"中国, 中国香港, 中国台湾, 美国, 日本, 韩国, 澳大利亚, 加拿大, 阿根廷, 安圭拉, 安提瓜和巴布达, 巴巴多斯, 巴哈马, 巴拉圭, 巴拿马, 巴西, 百慕大, 玻利维亚, 伯利兹, 多米尼加共和国, 多米尼克, 厄瓜多尔, 哥伦比亚, 哥斯达黎加, 格林纳达, 圭亚那, 洪都拉斯, 开曼群岛, 蒙特塞拉特岛, 秘鲁, 墨西哥, 尼加拉瓜, 萨尔瓦多, 圣基茨岛和尼维斯, 圣卢西亚, 圣文森特和格林纳丁斯, 苏里南, 特克斯和凯科斯群岛, 特立尼达和多巴哥, 危地马拉, 委内瑞拉, 乌拉圭",8.9M,英文,5726,42,8.9,1,2,23,4.347826087,"[['￥6.00', 'FlowNext Pro']]"
1458068108,全民K歌极速版-简洁易用的唱歌平台,全民K歌极速版,高颜直播交友平台,社交,0,0,"Tencent Technology (Shanghai) Co., Ltd",17,中国,151.9M,"简体中文,繁体中文,英文",657717,1,151.9,3,23,972,3.760288066,"[['￥1.00', '1元K币套餐'], ['￥18.00', '18元K币套餐'], ['￥68.00', '68元K币套餐'], ['￥128.00', '128元K币套餐'], ['￥488.00', '488元K币套餐'], ['￥298.00', '298元K币套餐']]"
1459611813,YAO-潮流购物App,YAO,,体育,0,1,ShangHai Chaoxiang Information technology co. LTD,4,"中国, 中国香港, 中国台湾, 美国, 日本, 韩国, 澳大利亚, 加拿大, 阿根廷, 安圭拉, 安提瓜和巴布达, 巴巴多斯, 巴哈马, 巴拉圭, 巴拿马, 巴西, 百慕大, 玻利维亚, 伯利兹, 多米尼加共和国, 多米尼克, 厄瓜多尔, 哥伦比亚, 哥斯达黎加, 格林纳达, 圭亚那, 洪都拉斯, 开曼群岛, 蒙特塞拉特岛, 秘鲁, 墨西哥, 尼加拉瓜, 萨尔瓦多, 圣基茨岛和尼维斯, 圣卢西亚, 圣文森特和格林纳丁斯, 苏里南, 特克斯和凯科斯群岛, 特立尼达和多巴哥, 危地马拉, 委内瑞拉, 乌拉圭",97.29M,"简体中文,英文",141370,42,97.29,2,0,3166,4.35502211,
1460120757,ツイサ`チ-エゴサ`チを易化する,ツイサ`チ,,社交,6,1,Daisuke Yamaguchi,17,"中国, 美国, 日本, 澳大利亚, 加拿大, 阿根廷, 安圭拉, 安提瓜和巴布达, 巴巴多斯, 巴哈马, 巴拉圭, 巴拿马, 巴西, 百慕大, 玻利维亚, 伯利兹, 多米尼加共和国, 多米尼克, 厄瓜多尔, 哥伦比亚, 哥斯达黎加, 格林纳达, 圭亚那, 洪都拉斯, 开曼群岛, 蒙特塞拉特岛, 秘鲁, 墨西哥, 尼加拉瓜, 萨尔瓦多, 圣基茨岛和尼维斯, 圣卢西亚, 圣文森特和格林纳丁斯, 苏里南, 特克斯和凯科斯群岛, 特立尼达和多巴哥, 危地马拉, 委内瑞拉, 乌拉圭, 牙买加, 英属维尔京群岛,",30.4M,1,6912,42,30.4,1,0,8719.741069,4.805557836,
1461710896,WatchAnything - 表盘,WatchAnything,自定义您的手表！,生活,12,1,Marc Hofmann,4,"中国, 中国香港, 中国台湾, 美国, 日本, 韩国, 澳大利亚, 加拿大, 阿根廷, 安圭拉, 安提瓜和巴布达, 巴巴多斯, 巴哈马, 巴拉圭, 巴拿马, 巴西, 百慕大, 玻利维亚, 伯利兹, 多米尼加共和国, 多米尼克, 厄瓜多尔, 哥伦比亚, 哥斯达黎加, 格林纳达, 圭亚那, 洪都拉斯, 开曼群岛, 蒙特塞拉特岛, 秘鲁, 墨西哥, 尼加拉瓜, 萨尔瓦多, 圣基茨岛和尼维斯, 圣卢西亚, 圣文森特和格林纳丁斯, 苏里南, 特克斯和凯科斯群岛, 特立尼达和多巴哥, 危地马拉, 委内瑞拉, 乌拉圭",8.96M,"俄文,印地文,印度尼西亚文,德文,日文,法文,简体中文,英文,葡萄牙文,西班牙文,阿拉伯文,韩文",6637,42,8.96,12,4,1,4,
1463030544,微恋-同城附近 高效约聊,微恋,同城高颜值小姐姐和小哥哥等你恋爱,社交,0,1,peng zhang,17,"中国, 中国香港, 中国台湾, 美国, 日本, 韩国, 澳大利亚, 加拿大, 阿根廷, 安圭拉, 安提瓜和巴布达, 巴巴多斯, 巴哈马, 巴拉圭, 巴拿马, 巴西, 百慕大, 玻利维亚, 伯利兹, 多米尼加共和国, 多米尼克, 厄瓜多尔, 哥伦比亚, 哥斯达黎加, 格林纳达, 圭亚那, 洪都拉斯, 开曼群岛, 蒙特塞拉特岛, 秘鲁, 墨西哥, 尼加拉瓜, 萨尔瓦多, 圣基茨岛和尼维斯, 圣卢西亚, 圣文森特和格林纳丁斯, 苏里南, 特克斯和凯科斯群岛, 特立尼达和多巴哥, 危地马拉, 委内瑞拉, 乌拉圭",169.19M,简体中文,18448,42,169.19,1,0,2992,4.992981283,"[['￥18.00', '基础会员'], ['￥88.00', '1个月会员'], ['￥198.00', '12个月会员'], ['￥118.00', '3个月会员'], ['￥50.00', '500朵玫瑰'], ['￥108.00', '1135朵玫瑰'], ['￥298.00', '3280朵玫瑰']]"
1465382636,步步高中国超市,步步高中国超市,,美食佳饮,0,1,ENCOM CORPORATION LIMITED,4,"中国, 中国香港, 中国台湾, 美国, 日本, 韩国, 澳大利亚, 加拿大, 阿根廷, 安圭拉, 安提瓜和巴布达, 巴巴多斯, 巴哈马, 巴拉圭, 巴拿马, 巴西, 百慕大, 玻利维亚, 伯利兹, 多米尼加共和国, 多米尼克, 厄瓜多尔, 哥伦比亚, 哥斯达黎加, 格林纳达, 圭亚那, 洪都拉斯, 开曼群岛, 蒙特塞拉特岛, 秘鲁, 墨西哥, 尼加拉瓜, 萨尔瓦多, 圣基茨岛和尼维斯, 圣卢西亚, 圣文森特和格林纳丁斯, 苏里南, 特克斯和凯科斯群岛, 特立尼达和多巴哥, 危地马拉, 委内瑞拉, 乌拉圭",7.08M,"俄文,印度尼西亚文,土耳其文,德文,意大利文,日文,法文,泰文,简体中文,繁体中文,英文,葡萄牙文,西班牙文,越南文,阿拉伯文,韩文,马来文",24550,42,7.08,17,0,21,1.19047619,
1468079880,悦容美云-医美预约回访收费客户管理,悦容美云,医疗美容机构的移动办公工具,医疗,0,0,"Shanghai Ling Jian Information Technology Co., Ltd.",4,"中国, 中国香港, 中国台湾, 美国, 日本, 韩国, 澳大利亚, 加拿大, 阿根廷, 安圭拉, 安提瓜和巴布达, 巴巴多斯, 巴哈马, 巴拉圭, 巴拿马, 巴西, 百慕大, 玻利维亚, 伯利兹, 多米尼加共和国, 多米尼克, 厄瓜多尔, 哥伦比亚, 哥斯达黎加, 格林纳达, 圭亚那, 洪都拉斯, 开曼群岛, 蒙特塞拉特岛, 秘鲁, 墨西哥, 尼加拉瓜, 萨尔瓦多, 圣基茨岛和尼维斯, 圣卢西亚, 圣文森特和格林纳丁斯, 苏里南, 特克斯和凯科斯群岛, 特立尼达和多巴哥, 危地马拉, 委内瑞拉, 乌拉圭",27.87M,"加泰罗尼亚文,德文,意大利文,法文,波兰文,简体中文,英文,葡萄牙文,西班牙文",6691,42,27.87,9,1,8,4.5,
1470203342,奥特曼宇宙英雄 - 80种奥特曼大集结！,奥特曼宇宙英雄,泰迦奥特曼降临 决战新生代之巅,游戏,0,0,乐堂动漫信息技术有限公司,12,中国,3487.06M,简体中文,0,1,3487.06,1,6,14148,4.259047215,"[['￥6.00', '欧布奥特曼'], ['￥6.00', '96钻石'], ['￥6.00', '首充礼包'], ['￥18.00', '赛迦・奥特曼'], ['￥68.00', '碎片月卡'], ['￥6.00', '每日礼包1'], ['￥30.00', '捷德奥特曼'], ['￥12.00', '每日礼包2'], ['￥30.00', '罗布・奥特曼'], ['￥12.00', '每月礼包1']]"
1471494881,宠帮邦,宠帮邦,,购物,0,1,"Hefei Shanghao Pet Electronic Commerce Co., Ltd.",12,"中国, 中国香港, 中国台湾, 美国, 日本, 韩国, 澳大利亚, 加拿大, 阿根廷, 安圭拉, 安提瓜和巴布达, 巴巴多斯, 巴哈马, 巴拉圭, 巴拿马, 巴西, 百慕大, 玻利维亚, 伯利兹, 多米尼加共和国, 多米尼克, 厄瓜多尔, 哥伦比亚, 哥斯达黎加, 格林纳达, 圭亚那, 洪都拉斯, 开曼群岛, 蒙特塞拉特岛, 秘鲁, 墨西哥, 尼加拉瓜, 萨尔瓦多, 圣基茨岛和尼维斯, 圣卢西亚, 圣文森特和格林纳丁斯, 苏里南, 特克斯和凯科斯群岛, 特立尼达和多巴哥, 危地马拉, 委内瑞拉, 乌拉圭",98.93M,"简体中文,英文",1843,42,98.93,2,0,18,3.888888889,"[['￥1.00', '视频VIP-半年'], ['￥1.00', '教育VIP - 1月']]"
1471964756,我岛 - 致敬为文化发声的少数人,我岛,值得听的青年文化兴趣社区,社交,0,1,CHUAN SHI,12,"中国, 中国香港, 中国台湾, 美国, 日本, 韩国, 澳大利亚, 加拿大, 阿根廷, 安圭拉, 安提瓜和巴布达, 巴巴多斯, 巴哈马, 巴拉圭, 巴拿马, 巴西, 百慕大, 玻利维亚, 伯利兹, 多米尼加共和国, 多米尼克, 厄瓜多尔, 哥伦比亚, 哥斯达黎加, 格林纳达, 圭亚那, 洪都拉斯, 开曼群岛, 蒙特塞拉特岛, 秘鲁, 墨西哥, 尼加拉瓜, 萨尔瓦多, 圣基茨岛和尼维斯, 圣卢西亚, 圣文森特和格林纳丁斯, 苏里南, 特克斯和凯科斯群岛, 特立尼达和多巴哥, 危地马拉, 委内瑞拉, 乌拉圭",184.29M,简体中文,288154,42,184.29,1,0,1317,4.498861048,
1473728816,华夏手机银行,华夏手机银行,,财务,0,1,华夏银行股份有限公司,4,"中国, 中国香港, 中国台湾, 美国, 日本, 韩国, 澳大利亚, 加拿大, 阿根廷, 安圭拉, 安提瓜和巴布达, 巴巴多斯, 巴哈马, 巴拉圭, 巴拿马, 巴西, 百慕大, 玻利维亚, 伯利兹, 多米尼加共和国, 多米尼克, 厄瓜多尔, 哥伦比亚, 哥斯达黎加, 格林纳达, 圭亚那, 洪都拉斯, 开曼群岛, 蒙特塞拉特岛, 秘鲁, 墨西哥, 尼加拉瓜, 萨尔瓦多, 圣基茨岛和尼维斯, 圣卢西亚, 圣文森特和格林纳丁斯, 苏里南, 特克斯和凯科斯群岛, 特立尼达和多巴哥, 危地马拉, 委内瑞拉, 乌拉圭",258.99M,"简体中文,繁体中文,英文",2915489,42,258.99,3,1,1499,3.122748499,
1475692836,PerfectCrop: 图像分割器,PerfectCrop,将照片裁剪成两半,摄影与录像,0,0,T-Logic,4,"中国, 中国香港, 中国台湾, 美国, 日本, 韩国, 澳大利亚, 加拿大, 阿根廷, 安圭拉, 安提瓜和巴布达, 巴巴多斯, 巴哈马, 巴拉圭, 巴拿马, 巴西, 百慕大, 玻利维亚, 伯利兹, 多米尼加共和国, 多米尼克, 厄瓜多尔, 哥伦比亚, 哥斯达黎加, 格林纳达, 圭亚那, 洪都拉斯, 开曼群岛, 蒙特塞拉特岛, 秘鲁, 墨西哥, 尼加拉瓜, 萨尔瓦多, 圣基茨岛和尼维斯, 圣卢西亚, 圣文森特和格林纳丁斯, 苏里南, 特克斯和凯科斯群岛, 特立尼达和多巴哥, 危地马拉, 委内瑞拉, 乌拉圭",73.19M,"中文,丹麦文,乌克兰文,俄文,克罗地亚文,加泰罗尼亚文,匈牙利文,博克马尔文挪威文,印地文,印度尼西亚文,土耳其文,希伯来文,希腊文,德文,意大利文,捷克文,斯洛伐克文,日文,法文,波兰文,泰文,瑞典文,简体中文,繁体中文,罗马尼亚文,芬兰文,英文,荷兰文,葡萄牙文,西班牙文,越南文,阿拉伯文,韩文,马来文",0,42,73.19,34,10,5,5,"[['￥7.00', 'PerfectCrop Plus每周'], ['￥30.00', 'PerfectCrop+'], ['￥22.00', '每月一次！'], ['￥73.00', '每年！']]"
1475755025,"掌上发票PRO-发票真伪查询工具,记账报销必备",掌上发票PRO,机票酒店差旅发票就用掌上发票查真伪,旅游,0,1,财税鱼,4,中国澳门,62.15M,英文,2354,1,62.15,1,0,6020,4.996179402,
1476234848,佛山市一医院互联网医院,佛山市一医院互联网医院,,医疗,0,1,Foshan Diyi People Hospital,17,"中国, 中国香港, 中国台湾, 美国, 日本, 韩国, 澳大利亚, 加拿大, 阿根廷, 安圭拉, 安提瓜和巴布达, 巴巴多斯, 巴哈马, 巴拉圭, 巴拿马, 巴西, 百慕大, 玻利维亚, 伯利兹, 多米尼加共和国, 多米尼克, 厄瓜多尔, 哥伦比亚, 哥斯达黎加, 格林纳达, 圭亚那, 洪都拉斯, 开曼群岛, 蒙特塞拉特岛, 秘鲁, 墨西哥, 尼加拉瓜, 萨尔瓦多, 圣基茨岛和尼维斯, 圣卢西亚, 圣文森特和格林纳丁斯, 苏里南, 特克斯和凯科斯群岛, 特立尼达和多巴哥, 危地马拉, 委内瑞拉, 乌拉圭",100.87M,"简体中文,英文",18404,42,100.87,2,0,48,4.583333333,
1477319181,贪吃蛇吃豆豆 - 贪食蛇蛇进化大作战,贪吃蛇吃豆豆,贪食蛇大作战2021争霸赛,娱乐,0,0,Shuo Han,4,"中国, 中国香港, 中国台湾, 美国, 日本, 韩国, 澳大利亚, 加拿大, 阿根廷, 安圭拉, 安提瓜和巴布达, 巴巴多斯, 巴哈马, 巴拉圭, 巴拿马, 巴西, 百慕大, 玻利维亚, 伯利兹, 多米尼加共和国, 多米尼克, 厄瓜多尔, 哥伦比亚, 哥斯达黎加, 格林纳达, 圭亚那, 洪都拉斯, 开曼群岛, 蒙特塞拉特岛, 秘鲁, 墨西哥, 尼加拉瓜, 萨尔瓦多, 圣基茨岛和尼维斯, 圣卢西亚, 圣文森特和格林纳丁斯, 苏里南, 特克斯和凯科斯群岛, 特立尼达和多巴哥, 危地马拉, 委内瑞拉, 乌拉圭",54.23M,"俄文,德文,意大利文,日文,法文,简体中文,繁体中文,英文,葡萄牙文,西班牙文,韩文",56997,42,54.23,11,4,5385,4.840297122,"[['￥73.00', '订阅VIP（月）'], ['￥68.00', '去除广告'], ['￥35.00', '订阅VIP（周）'], ['￥363.00', '订阅VIP（年）']]"
1482375041,大学图书馆学报 - 图书馆学学术期刊,大学图书馆学报,,图书,0,0,Zhuoru Li,17,"中国, 中国香港, 中国台湾",10.5M,"简体中文,英文",65,3,10.5,2,0,1,5,
1489582709,Good To Go Store - Meats,Good To Go Store,,美食佳饮,0,0,Varun Bansal,4,"中国, 中国香港, 中国台湾, 美国, 日本, 韩国, 澳大利亚, 加拿大, 阿根廷, 安圭拉, 安提瓜和巴布达, 巴巴多斯, 巴哈马, 巴拉圭, 巴拿马, 巴西, 百慕大, 玻利维亚, 伯利兹, 多米尼加共和国, 多米尼克, 厄瓜多尔, 哥伦比亚, 哥斯达黎加, 格林纳达, 圭亚那, 洪都拉斯, 开曼群岛, 蒙特塞拉特岛, 秘鲁, 墨西哥, 尼加拉瓜, 萨尔瓦多, 圣基茨岛和尼维斯, 圣卢西亚, 圣文森特和格林纳丁斯, 苏里南, 特克斯和凯科斯群岛, 特立尼达和多巴哥, 危地马拉, 委内瑞拉, 乌拉圭",80.34M,英文,4362,42,80.34,1,0,606.9858059,4.856804112,
1490684718,米读极速版-畅读热门小说阅读神器,米读极速版,无限畅读热门全本小说,图书,0,0,上海大犀角信息科技有限公司,17,"中国, 中国香港, 中国台湾, 美国, 日本, 澳大利亚, 加拿大, 阿根廷, 安圭拉, 安提瓜和巴布达, 巴巴多斯, 巴哈马, 巴拉圭, 巴拿马, 百慕大, 玻利维亚, 伯利兹, 多米尼加共和国, 多米尼克, 厄瓜多尔, 哥伦比亚, 哥斯达黎加, 格林纳达, 圭亚那, 洪都拉斯, 开曼群岛, 蒙特塞拉特岛, 秘鲁, 墨西哥, 尼加拉瓜, 萨尔瓦多, 圣基茨岛和尼维斯, 圣卢西亚, 圣文森特和格林纳丁斯, 苏里南, 特克斯和凯科斯群岛, 特立尼达和多巴哥, 危地马拉, 委内瑞拉, 乌拉圭, 牙买加, 英",114.29M,简体中文,929768,42,114.29,1,0,16047,4.662242164,"[['￥16.00', '米读会员连续包月'], ['￥10.00', '米读极速版VIP连续包月'], ['￥18.00', '米读极速版VIP月卡'], ['￥45.00', '米读会员连续包季'], ['￥1.00', '100米粒'], ['￥45.00', '米读极速版会员-6个月特惠卡'], ['￥6.00', '米读极速版VIP周卡'], ['￥24.00', '米读极速版VIP连续包季会员'], ['￥50.00', '米读极速版VIP季卡'], ['￥12.00', '1200米粒']]"
289616509,Mobile Mouse Remote,Mobile Mouse Remote,Remote for your Mac or PC,工具,12,1,R.P.A. Tech,4,"中国, 中国香港, 中国台湾, 美国, 日本, 韩国, 澳大利亚, 加拿大, 阿根廷, 安圭拉, 安提瓜和巴布达, 巴巴多斯, 巴哈马, 巴拉圭, 巴拿马, 巴西, 百慕大, 玻利维亚, 伯利兹, 多米尼加共和国, 多米尼克, 厄瓜多尔, 哥伦比亚, 哥斯达黎加, 格林纳达, 圭亚那, 洪都拉斯, 开曼群岛, 蒙特塞拉特岛, 秘鲁, 墨西哥, 尼加拉瓜, 萨尔瓦多, 圣基茨岛和尼维斯, 圣卢西亚, 圣文森特和格林纳丁斯, 苏里南, 特克斯和凯科斯群岛, 特立尼达和多巴哥, 危地马拉, 委内瑞拉, 乌拉圭",45.76M,英文,654,42,45.76,1,0,25,4.4,"[['￥6.00', 'Advanced Communications'], ['￥12.00', 'Pro Presentation Mode']]"
1367367882,photoplus,photoplus,云摄影专业平台,摄影与录像,0,1,"ChengYing HuLian (Beijing) Technology Co., Ltd.",4,"中国, 美国, 澳大利亚, 加拿大, 阿根廷, 安圭拉, 安提瓜和巴布达, 巴巴多斯, 巴哈马, 巴拉圭, 巴拿马, 巴西, 百慕大, 玻利维亚, 伯利兹, 多米尼加共和国, 多米尼克, 厄瓜多尔, 哥伦比亚, 哥斯达黎加, 格林纳达, 圭亚那, 洪都拉斯, 开曼群岛, 蒙特塞拉特岛, 秘鲁, 墨西哥, 尼加拉瓜, 萨尔瓦多, 圣基茨岛和尼维斯, 圣卢西亚, 圣文森特和格林纳丁斯, 苏里南, 特克斯和凯科斯群岛, 特立尼达和多巴哥, 危地马拉, 委内瑞拉, 乌拉圭, 牙买加, 英属维尔京群岛, 智利,",31.42M,英文,31275,42,31.42,1,0,70,3.928571429,
1380563956,Dictionaries,Dictionaries,,参考资料,0,0,物堂,4,"中国, 中国香港, 中国台湾, 美国, 日本, 韩国, 澳大利亚, 加拿大, 阿根廷, 安圭拉, 安提瓜和巴布达, 巴巴多斯, 巴哈马, 巴拉圭, 巴拿马, 巴西, 百慕大, 玻利维亚, 伯利兹, 多米尼加共和国, 多米尼克, 厄瓜多尔, 哥伦比亚, 哥斯达黎加, 格林纳达, 圭亚那, 洪都拉斯, 开曼群岛, 蒙特塞拉特岛, 秘鲁, 墨西哥, 尼加拉瓜, 萨尔瓦多, 圣基茨岛和尼维斯, 圣卢西亚, 圣文森特和格林纳丁斯, 苏里南, 特克斯和凯科斯群岛, 特立尼达和多巴哥, 危地马拉, 委内瑞拉, 乌拉圭",28.07M,"日文,英文",56949,42,28.07,2,18,134,3.641791045,"[['￥0.00', '柯林斯 COBUILD 高级英汉双解词典'], ['￥0.00', 'DAIJIRIN'], ['￥0.00', '柯林斯 COBUILD 高级英语词典 第9版'], ['￥0.00', '柯林斯 COBUILD 高级美式英语词典 第2版'], ['￥0.00', 'Shinmeikai Japanese dictionary'], ['￥283.00', 'NHK Japanese Pronunciation'], ['￥0.00', 'Sanseido Chinese-Japa"
1435852188,预防接种医生,预防接种医生,,医疗,0,1,北京亿苗通生物科技有限公司,4,"中国, 中国香港, 中国台湾, 美国, 日本, 韩国, 澳大利亚, 加拿大, 阿根廷, 安圭拉, 安提瓜和巴布达, 巴巴多斯, 巴哈马, 巴拉圭, 巴拿马, 巴西, 百慕大, 玻利维亚, 伯利兹, 多米尼加共和国, 多米尼克, 厄瓜多尔, 哥伦比亚, 哥斯达黎加, 格林纳达, 圭亚那, 洪都拉斯, 开曼群岛, 蒙特塞拉特岛, 秘鲁, 墨西哥, 尼加拉瓜, 萨尔瓦多, 圣基茨岛和尼维斯, 圣卢西亚, 圣文森特和格林纳丁斯, 苏里南, 特克斯和凯科斯群岛, 特立尼达和多巴哥, 危地马拉, 委内瑞拉, 乌拉圭",50.04M,"简体中文,英文",16704,42,50.04,2,0,25,3.72,"[['￥25.00', '25元=175苗币'], ['￥12.00', '12元=84苗币'], ['￥6.00', '6元=42苗币'], ['￥3.00', '3元=21苗币'], ['￥18.00', '18元=126苗币'], ['￥28.00', '28元=196苗币']]"
1436575343,形状与颜色―儿童早教画画拼图游戏,形状与颜色,,教育,0,0,"Leqing Network Technology Co., Ltd",4,"中国, 中国香港, 中国台湾, 美国, 日本, 韩国, 澳大利亚, 加拿大, 阿根廷, 安圭拉, 安提瓜和巴布达, 巴巴多斯, 巴哈马, 巴拉圭, 巴拿马, 巴西, 百慕大, 玻利维亚, 伯利兹, 多米尼加共和国, 多米尼克, 厄瓜多尔, 哥伦比亚, 哥斯达黎加, 格林纳达, 圭亚那, 洪都拉斯, 开曼群岛, 蒙特塞拉特岛, 秘鲁, 墨西哥, 尼加拉瓜, 萨尔瓦多, 圣基茨岛和尼维斯, 圣卢西亚, 圣文森特和格林纳丁斯, 苏里南, 特克斯和凯科斯群岛, 特立尼达和多巴哥, 危地马拉, 委内瑞拉, 乌拉圭",93.95M,英文,308,42,93.95,1,5,1612,4.347394541,"[['￥30.00', '形状与颜色'], ['￥40.00', '贝乐虎月卡会员'], ['￥388.00', '贝乐虎年卡会员']]"
1444274863,燃脂运动 - 在家减肥,燃脂运动,私人健身教练，减肥，减脂，健身，健康,健康健美,0,1,ABISHKKING LIMITED.,12,"中国, 中国香港, 中国台湾, 美国, 日本, 韩国, 澳大利亚, 加拿大, 阿根廷, 安圭拉, 安提瓜和巴布达, 巴巴多斯, 巴哈马, 巴拉圭, 巴拿马, 巴西, 百慕大, 玻利维亚, 伯利兹, 多米尼加共和国, 多米尼克, 厄瓜多尔, 哥伦比亚, 哥斯达黎加, 格林纳达, 圭亚那, 洪都拉斯, 开曼群岛, 蒙特塞拉特岛, 秘鲁, 墨西哥, 尼加拉瓜, 萨尔瓦多, 圣基茨岛和尼维斯, 圣卢西亚, 圣文森特和格林纳丁斯, 苏里南, 特克斯和凯科斯群岛, 特立尼达和多巴哥, 危地马拉, 委内瑞拉, 乌拉圭",92.86M,"丹麦文,俄文,印度尼西亚文,土耳其文,德文,意大利文,日文,法文,波兰文,瑞典文,简体中文,繁体中文,英文,荷兰文,葡萄牙文,西班牙文,阿拉伯文,韩文",7876,42,92.86,18,22,105,4.676190476,"[['￥283.00', '年度订阅'], ['￥70.00', '月度订阅']]"
1449109039,LED LAMP,LED LAMP,精彩生活，从这里开始,生活,0,0,"Shenzhen Zhongji Technology Co., Ltd.",4,"中国, 中国香港, 中国台湾, 美国, 日本, 韩国, 澳大利亚, 加拿大, 阿根廷, 安圭拉, 安提瓜和巴布达, 巴巴多斯, 巴哈马, 巴拉圭, 巴拿马, 巴西, 百慕大, 玻利维亚, 伯利兹, 多米尼加共和国, 多米尼克, 厄瓜多尔, 哥伦比亚, 哥斯达黎加, 格林纳达, 圭亚那, 洪都拉斯, 开曼群岛, 蒙特塞拉特岛, 秘鲁, 墨西哥, 尼加拉瓜, 萨尔瓦多, 圣基茨岛和尼维斯, 圣卢西亚, 圣文森特和格林纳丁斯, 苏里南, 特克斯和凯科斯群岛, 特立尼达和多巴哥, 危地马拉, 委内瑞拉, 乌拉圭",84.5M,"丹麦文,乌克兰文,俄文,克罗地亚文,加泰罗尼亚文,匈牙利文,博克马尔文挪威文,土耳其文,希腊文,德文,意大利文,捷克文,斯洛伐克文,斯洛文尼亚文,日文,法文,波兰文,泰文,瑞典文,简体中文,繁体中文,罗马尼亚文,芬兰文,英文,荷兰文,葡萄牙文,西班牙文,越南文,韩文,马来文",14553,42,84.5,30,0,54,3.407407407,
1451541272,Hike HK,Hike HK,,体育,40,1,Brian Peters,4,"中国, 中国香港, 中国台湾, 美国, 日本, 韩国, 澳大利亚, 加拿大, 阿根廷, 安圭拉, 安提瓜和巴布达, 巴巴多斯, 巴哈马, 巴拉圭, 巴拿马, 巴西, 百慕大, 玻利维亚, 伯利兹, 多米尼加共和国, 多米尼克, 厄瓜多尔, 哥伦比亚, 哥斯达黎加, 格林纳达, 圭亚那, 洪都拉斯, 开曼群岛, 蒙特塞拉特岛, 秘鲁, 墨西哥, 尼加拉瓜, 萨尔瓦多, 圣基茨岛和尼维斯, 圣卢西亚, 圣文森特和格林纳丁斯, 苏里南, 特克斯和凯科斯群岛, 特立尼达和多巴哥, 危地马拉, 委内瑞拉, 乌拉圭",65.86M,英文,2114,42,65.86,1,0,1117.386137,4.916641537,
1453279284,Rivets - rugged watch faces,Rivets,,生活,12,1,Marc Hofmann,4,"中国, 中国香港, 中国台湾, 美国, 日本, 韩国, 澳大利亚, 加拿大, 阿根廷, 安圭拉, 安提瓜和巴布达, 巴巴多斯, 巴哈马, 巴拉圭, 巴拿马, 巴西, 百慕大, 玻利维亚, 伯利兹, 多米尼加共和国, 多米尼克, 厄瓜多尔, 哥伦比亚, 哥斯达黎加, 格林纳达, 圭亚那, 洪都拉斯, 开曼群岛, 蒙特塞拉特岛, 秘鲁, 墨西哥, 尼加拉瓜, 萨尔瓦多, 圣基茨岛和尼维斯, 圣卢西亚, 圣文森特和格林纳丁斯, 苏里南, 特克斯和凯科斯群岛, 特立尼达和多巴哥, 危地马拉, 委内瑞拉, 乌拉圭",48.81M,英文,1198,42,48.81,1,4,21,4.523809524,
1453848251,精准比分-智能彩票分析助手,精准比分,足篮彩体彩福彩预测平台,体育,0,1,"NetEase Media Technology (Beijing) Co., Ltd.",17,"中国, 中国香港, 中国台湾, 日本, 澳大利亚, 加拿大, 阿根廷, 安圭拉, 安提瓜和巴布达, 巴巴多斯, 巴哈马, 巴拉圭, 巴拿马, 百慕大, 玻利维亚, 伯利兹, 多米尼加共和国, 多米尼克, 厄瓜多尔, 哥伦比亚, 哥斯达黎加, 格林纳达, 圭亚那, 洪都拉斯, 开曼群岛, 蒙特塞拉特岛, 秘鲁, 墨西哥, 尼加拉瓜, 萨尔瓦多, 圣基茨岛和尼维斯, 圣卢西亚, 圣文森特和格林纳丁斯, 苏里南, 特克斯和凯科斯群岛, 特立尼达和多巴哥, 危地马拉, 委内瑞拉, 乌拉圭, 牙买加, 英属维尔京",97.28M,"简体中文,英文",53149,41,97.28,2,2,11404,4.994826377,"[['￥60.00', '60金币'], ['￥6.00', '6金币'], ['￥188.00', '188金币'], ['￥88.00', '88金币'], ['￥30.00', '30金币'], ['￥618.00', '650金币'], ['￥268.00', 'VIP-1个月服务'], ['￥388.00', '388金币'], ['￥798.00', 'VIP-3个月服务'], ['￥2,298.00', 'VIP-12个月服务']]"
1454491708,欣视安-创欣,欣视安,,商务,0,0,chen weibin,4,"中国, 中国香港, 中国台湾, 美国, 日本, 韩国, 澳大利亚, 加拿大, 阿根廷, 安圭拉, 安提瓜和巴布达, 巴巴多斯, 巴哈马, 巴拉圭, 巴拿马, 巴西, 百慕大, 玻利维亚, 伯利兹, 多米尼加共和国, 多米尼克, 厄瓜多尔, 哥伦比亚, 哥斯达黎加, 格林纳达, 圭亚那, 洪都拉斯, 开曼群岛, 蒙特塞拉特岛, 秘鲁, 墨西哥, 尼加拉瓜, 萨尔瓦多, 圣基茨岛和尼维斯, 圣卢西亚, 圣文森特和格林纳丁斯, 苏里南, 特克斯和凯科斯群岛, 特立尼达和多巴哥, 危地马拉, 委内瑞拉, 乌拉圭",271.61M,"俄文,博克马尔文挪威文,印度尼西亚文,土耳其文,希伯来文,德文,意大利文,捷克文,日文,法文,波兰文,泰文,瑞典文,简体中文,繁体中文,罗马尼亚文,芬兰文,英文,荷兰文,葡萄牙文,西班牙文,越南文,韩文",12020,42,271.61,23,0,28,3.892857143,
1455325377,InstaGrids-模板提要设计,InstaGrids,Story templates for your post.,摄影与录像,0,0,FunBerry,4,"中国, 中国香港, 中国台湾, 美国, 日本, 韩国, 澳大利亚, 加拿大, 阿根廷, 安圭拉, 安提瓜和巴布达, 巴巴多斯, 巴哈马, 巴拉圭, 巴拿马, 巴西, 百慕大, 玻利维亚, 伯利兹, 多米尼加共和国, 多米尼克, 厄瓜多尔, 哥伦比亚, 哥斯达黎加, 格林纳达, 圭亚那, 洪都拉斯, 开曼群岛, 蒙特塞拉特岛, 秘鲁, 墨西哥, 尼加拉瓜, 萨尔瓦多, 圣基茨岛和尼维斯, 圣卢西亚, 圣文森特和格林纳丁斯, 苏里南, 特克斯和凯科斯群岛, 特立尼达和多巴哥, 危地马拉, 委内瑞拉, 乌拉圭",91.5M,"俄文,土耳其文,德文,意大利文,日文,法文,简体中文,繁体中文,英文,葡萄牙文,西班牙文,韩文",0,42,91.5,12,0,26,4.923076923,"[['￥73.00', 'Monthly Subscription!'], ['￥438.00', 'Yearly Subscription!']]"
1457156347,品麦云康,品麦云康,,健康健美,0,1,ShengXi Xie,4,"中国, 中国香港, 中国台湾, 美国, 日本, 韩国, 澳大利亚, 加拿大, 阿根廷, 安圭拉, 安提瓜和巴布达, 巴巴多斯, 巴哈马, 巴拉圭, 巴拿马, 巴西, 百慕大, 玻利维亚, 伯利兹, 多米尼加共和国, 多米尼克, 厄瓜多尔, 哥伦比亚, 哥斯达黎加, 格林纳达, 圭亚那, 洪都拉斯, 开曼群岛, 蒙特塞拉特岛, 秘鲁, 墨西哥, 尼加拉瓜, 萨尔瓦多, 圣基茨岛和尼维斯, 圣卢西亚, 圣文森特和格林纳丁斯, 苏里南, 特克斯和凯科斯群岛, 特立尼达和多巴哥, 危地马拉, 委内瑞拉, 乌拉圭",71.61M,"简体中文,英文",43748,42,71.61,2,0,32,4.75,
